id,id_grupo,categoria,tipo_producto,ano,tipologia
00001,001,Estrategias de Comunicación del Conocimiento,Factores incidentes del emprendimiento femenino,                Julio 2019,3
00002,002,Estrategias de Comunicación del Conocimiento,Leteopolítica: Jóvenes y medios de comunicación,                Octubre 2020,3
00003,002,Estrategias de Comunicación del Conocimiento,"Comunicados al Congreso de la República y a la Opinión Pública: Sustentación de respaldo al proyecto de Ley 057 de 2020, por medio del cual se aprueba el Acuerdo Regional sobre el acceso a la información, la participación, y la justicia en asuntos ambien",                Septiembre 2020,3
00004,002,Estrategias de Comunicación del Conocimiento,Restricciones de los Sistemas de Información de Gestión del Riesgo de Desastres frente al derecho de acceso a la información para la prevención de desastres tecnicamente previsibles durante la emergencia sanitaria en Colombia,                Mayo 2020,3
00005,002,Estrategias de Comunicación del Conocimiento,Docente del semillero de investigación en Técnicas de la Oralidad en el Proceso.,                Diciembre 2020,3
00006,002,Estrategias de Comunicación del Conocimiento,III Jornada de Investigación Jurídica y Sociojurídica,                Mayo 2019,3
00007,002,Estrategias de Comunicación del Conocimiento,I Jornada de inevstigación Jurídica y sociojurídica programa de Derecho,                Noviembre 2018,3
00008,003,Estrategias de Comunicación del Conocimiento,Estrategia de comunicación del conocimiento,                Noviembre 2017,3
00009,003,Estrategias de Comunicación del Conocimiento,Comunicación y sensibilización de la planeación estratégica con proveedores de la empresa Manufacturas Puli,                Noviembre 2017,3
00010,004,Estrategias de Comunicación del Conocimiento,Emprendimiento social como alternativa de fortalecimiento del tejido social y generación de oportunidades con enfoque de género,                Septiembre 2020,3
00011,004,Estrategias de Comunicación del Conocimiento,Emprendimiento social como alternativa de fortalecimiento del tejido social y generación de oportunidades con enfoque de género,                Septiembre 2020,3
00012,004,Estrategias de Comunicación del Conocimiento,"primera Cátedra Ambiental, Empresarial y Ciudadana, en el tema de ¿Servicios ecosistémicos: beneficios e impactos por factores antrópicos¿",                Septiembre 2020,3
00013,004,Estrategias de Comunicación del Conocimiento,Foro Asociación Mujer y Café y Fundación Bolivar Davivienda,                Septiembre 2019,3
00014,004,Estrategias de Comunicación del Conocimiento,Estructuración de lineamientos para la caracterización de las OSC en la zona centro sur del departamento de Caldas.,                Septiembre 2019,3
00015,004,Estrategias de Comunicación del Conocimiento,Formulación participativa de lineamientos de Política Pública para las Organizaciones de la Sociedad Civil ¿ OSC del Departamento de Caldas.,                Diciembre 2019,3
00016,004,Estrategias de Comunicación del Conocimiento,Presentación y socialización del proyecto de investigación: Responsabilidad social y marketing social en el sistema universitario de Manizales,                Enero 2019,3
00017,004,Estrategias de Comunicación del Conocimiento,Ponencia,                Noviembre 2018,3
00018,004,Estrategias de Comunicación del Conocimiento,"Socialización del proyecto Dinámicas Exportadoras en Antioquia en la Universidad Autónoma Latinoamericana - UNAULA, con apoyo de la Cámara de Comercio de Medellín",                Octubre 2018,3
00019,004,Estrategias de Comunicación del Conocimiento,"Sector forestal en Colombia, alternativa de paz y desarrollo sostenible. Caso Ecorregión Cafetera",                Mayo 2018,3
00020,004,Estrategias de Comunicación del Conocimiento,PONENCIA RAIS Barreras en el proceso de internacionalización de las pymes colombianas,                Mayo 2018,3
00021,004,Estrategias de Comunicación del Conocimiento,Seminario Pautas para la clasificación y escalafon en Colciencias,                Enero 2018,3
00022,004,Estrategias de Comunicación del Conocimiento,XVII ENCUENTRO NACIONAL DE INVESTIGACION FUNLAM 2014. UN COMPROMISO CON LA SOCIEDAD,                Octubre 2014,3
00023,004,Estrategias de Comunicación del Conocimiento,Estrategia CTI ganador UPA,                Julio 2015,3
00024,005,Estrategias de Comunicación del Conocimiento,Entrenamiento Cognitivo e Independencia Funcional: un software al servicio de la Enfermedad Vascular Cerebral,                Octubre 2018,3
00025,005,Estrategias de Comunicación del Conocimiento,Entrenamiento Cognitivo e Independencia Funcional,                Junio 2018,3
00026,005,Estrategias de Comunicación del Conocimiento,Curso de habilidades para la vida,                Julio 2017,3
00027,006,Estrategias de Comunicación del Conocimiento,Estrategia pedagógica para la promoción de estrategias educativas orientadas a la construcción de convivencia escolar y la prevención del bullying en los entornos escolares: I Foro de convivencia escolar y aprendizaje significativo en el aula.,                Noviembre 2019,3
00028,007,Estrategias de Comunicación del Conocimiento,,,3
00029,008,Estrategias de Comunicación del Conocimiento,El Comportamiento Suicida,                Diciembre 2018,3
00030,008,Estrategias de Comunicación del Conocimiento,Acciones comunitarias que promueven la construcción de sentidos para la transformación política en el territorio. Fase I,                Noviembre 2018,3
00031,008,Estrategias de Comunicación del Conocimiento,Acciones comunitarias que promueven la construcción de sentidos para la transformación política en el territorio. Fasae I,                Noviembre 2018,3
00032,008,Estrategias de Comunicación del Conocimiento,Capacidades Comunitarias para la Construcción de Paz,                Noviembre 2017,3
00033,008,Estrategias de Comunicación del Conocimiento,Foro Relaciones y tensiones entre la población del Altiplano del oriente antioqueño y la legalidad estatal,                Abril 2016,3
00034,008,Estrategias de Comunicación del Conocimiento,Foro Relaciones y tensiones entre la población del Altiplano del oriente antioqueño y la legalidad estatal,                Abril 2016,3
00035,009,Estrategias de Comunicación del Conocimiento,Uso del Edu-entretenimiento para la prevención de embarazos no deseados en Instituciones Educativas de la ciudad de Montería,,3
00036,009,Estrategias de Comunicación del Conocimiento,Seminario: Transdisciplinariedad de las Ciencias Sociales en el siglo XXI,                Noviembre 2016,3
00037,009,Estrategias de Comunicación del Conocimiento,"Tercer Panel Regional y Seminario sobre ""Manejo de Problemas Disciplinarios en el Aula, Una mirada a la problemática""",                Noviembre 2015,3
00038,009,Estrategias de Comunicación del Conocimiento,El uso del Documental Social Participativo en en el desarrollo de competencias ciudadanas,                Noviembre 2016,3
00039,010,Estrategias de Comunicación del Conocimiento,Reflexionando en familia: Violencia filioparental en Colombia,                Octubre 2018,3
00040,010,Estrategias de Comunicación del Conocimiento,Afrontamiento y autorregulación para prevenir el suicidio y el ciberbullying,                Julio 2018,3
00041,011,Estrategias de Comunicación del Conocimiento,"Presentación de resultados preliminares.  Empatía, conductas prosociales y convivencia escolar: un estudio sobre sus vínculos en un grupo de niños entre los 10 y los 12 años de edad que han experimentado violencias en las ciudades de Montería y Medellín",                Noviembre 2019,3
00042,011,Estrategias de Comunicación del Conocimiento,I Encuentro de Gestión Educativa,                Octubre 2019,3
00043,011,Estrategias de Comunicación del Conocimiento,Conversando con la academia,                Noviembre 2018,3
00044,011,Estrategias de Comunicación del Conocimiento,Entrevista en Teleantioquia Noticias,                Septiembre 2015,3
00045,011,Estrategias de Comunicación del Conocimiento,"Conferencia: CONFIGURACIÓN IDENTITARIA EN JÓVENES QUE VIVIERON EN SU INFANCIA LA DESAPARICIÓN FORZADA DE UN FAMILIAR, EN EL MARCO DEL CONFLICTO ARMADO COLOMBIANO.",                Octubre 2014,3
00046,012,Estrategias de Comunicación del Conocimiento,Sexualidad y TIC,                Mayo 2018,3
00047,012,Estrategias de Comunicación del Conocimiento,Semillero Liteperiodismo,,3
00048,013,Estrategias de Comunicación del Conocimiento,,,3
00049,014,Estrategias de Comunicación del Conocimiento,,,3
