id,id_grupo,categoria,tipo_producto,titulo,pais,ano,autores,tipologia
00001,001,Generación de Contenido Multimedia,Otro,Videotutorial: Elaboración de mapas conceptuales en Cmaptools,2012,Colombia,JUAN CARLOS MONSALVE GOMEZ,3
00002,001,Generación de Contenido Multimedia,Otro,Videotutorial: grabación de archivos de audio y publicación en la red,2012,Colombia,JUAN CARLOS MONSALVE GOMEZ,3
00003,001,Generación de Contenido Multimedia,Otro,Videotutorial: diseño de cursos virtuales en plataforma Moodle,2012,Colombia,JUAN CARLOS MONSALVE GOMEZ,3
00004,001,Generación de Contenido Multimedia,Otro,Videotutorial: creación de blog en Wordpress,2012,Colombia,JUAN CARLOS MONSALVE GOMEZ,3
00005,001,Generación de Contenido Multimedia,Otro,Videotutorial: elaboración de material educativo en ExeLearning,2012,Colombia,JUAN CARLOS MONSALVE GOMEZ,3
00006,002,Generación de Contenido Multimedia,Entrevista,"Desconocimiento, sinónimo de impunidad en investigación de delitos informáticos, Universidad EAFIT. Medellín. Mayo 17 de 2012. Publicado por agencia de noticias EAFIT.",2012,Colombia,ANA MARIA MESA ELNESER,3
00007,002,Generación de Contenido Multimedia,Entrevista,"¿Informática forense y su aplicación en la investigación de los delitos informáticos consagrados en la Ley 1273 de 2009¿, énfasis en el impacto social y de formación profesional.",2012,Colombia,ANA MARIA MESA ELNESER,3
00008,002,Generación de Contenido Multimedia,Entrevista,"Resultados finales de investigación interinstitucional en ejecución, fase finalización denominada ¿Informática forense y su aplicación en la investigación de los delitos informáticos consagrados en la Ley 1273 de 2009¿, impacto social y de formación profesional.",2012,Colombia,ANA MARIA MESA ELNESER,3
00009,002,Generación de Contenido Multimedia,Entrevista,Socialización de resultados de avance categoría Ambiente,2011,Colombia,JORGE EDUARDO VASQUEZ SANTAMARIA,3
00010,002,Generación de Contenido Multimedia,Mesa redonda,Presentación del proyecto de investigación PARTICIPACIÓN CIUDADANA EN LA CONSTRUCCIÓN DE CIUDADANÍA PARA LA PROTECCIÓN Y MEJORAMIENTO DEL AMBIENTE EN EL MUNICIPIO DE SABANETA,2011,Colombia,"JORGE EDUARDO VASQUEZ SANTAMARIA, MARIA TERESA CASTRILLON ALZATE, CAROLINA MONTES ROJAS",3
00011,003,Generación de Contenido Multimedia,,,,,,3
00012,004,Generación de Contenido Multimedia,Entrevista,Cooperativismo Historia y Doctrina,2018,Colombia,ELIAS ALEXANDER VALLEJO MONTOYA,3
00013,004,Generación de Contenido Multimedia,Entrevista,Cooperativismo - Formación y constitución de una cooperativa parte I,2018,Colombia,ELIAS ALEXANDER VALLEJO MONTOYA,3
00014,004,Generación de Contenido Multimedia,Entrevista,Cooperativismo-Formas de Cooperarcion,2018,Colombia,ELIAS ALEXANDER VALLEJO MONTOYA,3
00015,004,Generación de Contenido Multimedia,Entrevista,Educacion cooperativa simbolos del cooperativismo,2016,Colombia,ELIAS ALEXANDER VALLEJO MONTOYA,3
00016,005,Generación de Contenido Multimedia,,,,,,3
00017,006,Generación de Contenido Multimedia,Entrevista,Universidad de los Niños,2015,Colombia,MONICA MARIA ALVAREZ GALLEGO,3
00018,006,Generación de Contenido Multimedia,Mesa redonda,Life Design,2013,Colombia,GLORIA MARIA LOPEZ ARBOLEDA,3
00019,006,Generación de Contenido Multimedia,Mesa redonda,En Familia: ¿Cómo prevenir el suicidio en nuestros niños y adolescentes?,2010,Colombia,OSCAR DARIO BOHORQUEZ MARIN,3
00020,007,Generación de Contenido Multimedia,Entrevista,"Programa radial Pensemos en Familia. La disciplina del desarrollo familiar colombiano. Un diálogo entre conocimiento científico, intervención y acompañamiento familiar",2018,Colombia,"ALEXANDER RODRIGUEZ BUSTAMANTE, GERMAN DARIO HERRERA SARAY, LUZ MARIA LOPEZ MONTANO, EDISON FRANCISCO VIVEROS CHAVARRIA",3
00021,007,Generación de Contenido Multimedia,Comentario,La familia como una empresa,2018,Colombia,LEDY MARYORY BEDOYA CARDONA,3
00022,007,Generación de Contenido Multimedia,Entrevista,"Comunicación, clave contra la ansiedad",2017,Colombia,ALEXANDER RODRIGUEZ BUSTAMANTE,3
00023,007,Generación de Contenido Multimedia,Entrevista,Que el regreso a clases no sea traumático,2017,Colombia,ALEXANDER RODRIGUEZ BUSTAMANTE,3
00024,007,Generación de Contenido Multimedia,Entrevista,¿Qué regalar a tus niños en Navidad?,2016,Colombia,ALEXANDER RODRIGUEZ BUSTAMANTE,3
00025,007,Generación de Contenido Multimedia,Entrevista,"Configuración identitaria en jóvenes que vivieron en su infancia la desaparición forzada de un familiar, en el marco del conflicto armado Colombiano",2016,Colombia,ALEXANDER RODRIGUEZ BUSTAMANTE,3
00026,007,Generación de Contenido Multimedia,Entrevista,Volverse a enamorar,2012,Colombia,ALEXANDER RODRIGUEZ BUSTAMANTE,3
00027,007,Generación de Contenido Multimedia,Entrevista,El propósito del matrimonio,2012,Colombia,ALEXANDER RODRIGUEZ BUSTAMANTE,3
00028,007,Generación de Contenido Multimedia,Entrevista,Amor para siempre,2012,Colombia,ALEXANDER RODRIGUEZ BUSTAMANTE,3
00029,007,Generación de Contenido Multimedia,Entrevista,Resiliencia Familiar,2012,Colombia,ALEXANDER RODRIGUEZ BUSTAMANTE,3
00030,007,Generación de Contenido Multimedia,Entrevista,El lugar de los hijos en la Familia,2012,Colombia,ALEXANDER RODRIGUEZ BUSTAMANTE,3
00031,007,Generación de Contenido Multimedia,Entrevista,¿Cómo acompañar a los niños y adolescentes de regreso al Colegio?,2012,Colombia,ALEXANDER RODRIGUEZ BUSTAMANTE,3
00032,007,Generación de Contenido Multimedia,Entrevista,Disfrutar en familia: las vacaciones un espacio para crecer...,2012,Colombia,ALEXANDER RODRIGUEZ BUSTAMANTE,3
00033,007,Generación de Contenido Multimedia,Entrevista,Familias con jefatura femenina o masculina.,2012,Colombia,ALEXANDER RODRIGUEZ BUSTAMANTE,3
00034,007,Generación de Contenido Multimedia,Entrevista,La temporada de vacaciones: un espacio para aprender y estar en familia.,2011,Colombia,ALEXANDER RODRIGUEZ BUSTAMANTE,3
00035,007,Generación de Contenido Multimedia,Entrevista,"En vacaciones, rencuéntrese con el juego",2011,Colombia,ALEXANDER RODRIGUEZ BUSTAMANTE,3
00036,007,Generación de Contenido Multimedia,Entrevista,Víctimas de la Violencia - Libro El Cielo no me abandona,2008,Colombia,ALEXANDER RODRIGUEZ BUSTAMANTE,3
00037,008,Generación de Contenido Multimedia,Mesa redonda,"Programa Radial ""Hablemos del suicidio"".",2019,Colombia,"JOHN JAIRO GARCIA PENA, JHOEEN SNEYDER ROJAS DIAZ, MARCOS FIDEL VEGA SENA, GLORIA CECILIA CARDONA RIOS, ELIZA KRATC GIL, ANGEL AUGUSTO VIZCAYA CASTILLO, OMAR AUGUSTO AMADOR SANCHEZ, SANDRA ISABEL MEJIA ZAPATA",3
00038,008,Generación de Contenido Multimedia,Entrevista,LA EDUCACIÓN INCLUSIVA EN LA UNIVERSIDAD CATÓLICA LUIS AMIGÓ,2019,Colombia,"SANDRA ISABEL MEJIA ZAPATA, MARTHA DEL SOCORRO ALZATE CARDENAS",3
00039,008,Generación de Contenido Multimedia,Entrevista,Programa televisivo Estrategias orientadas para la prevención del suicidio.,2019,Colombia,"JOHN JAIRO GARCIA PENA, OMAR AUGUSTO AMADOR SANCHEZ, MARCOS FIDEL VEGA SENA, GLORIA CECILIA CARDONA RIOS, ELIZA KRATC GIL, SANDRA ISABEL MEJIA ZAPATA, JHOEEN SNEYDER ROJAS DIAZ",3
00040,008,Generación de Contenido Multimedia,Otro,Pensamiento situado en recuperar la tierra para recuperarlo todo,2019,Colombia,"JOHN HARVY ARCIA GRAJALES, CAROLINA GALLEGO, JOHNNY ANDRES CALDERON MENDEZ",3
00041,008,Generación de Contenido Multimedia,Otro,Pimeras tesis de psicopatología y formas clínicas en Colombia,2019,Colombia,JAIRO GUTIERREZ AVENDANO,3
00042,008,Generación de Contenido Multimedia,Entrevista,Programa de Televisión: Comportamiento Suicida.,2018,Colombia,"JOHN JAIRO GARCIA PENA, SANDRA ISABEL MEJIA ZAPATA",3
00043,008,Generación de Contenido Multimedia,Otro,Desencuentros entre Ley y Agro en el Valle de San Nicolás,2016,Colombia,SONIA NATALIA COGOLLO OSPINA,3
00044,008,Generación de Contenido Multimedia,Otro,"Conferencia ""Copie y pegue: plagio y fraude en la escritura académica. Reflexiones para estudiantes""",2015,Colombia,SONIA NATALIA COGOLLO OSPINA,3
00045,008,Generación de Contenido Multimedia,Entrevista,"Video colgado en You Tube ""Video Prevención del suicidio en el escenario escolar""",2012,Colombia,JAIME ALBERTO CARMONA PARRA,3
00046,008,Generación de Contenido Multimedia,Entrevista,Video en You Tube Mitos acerca del suicidio en niños y adolecentes (Parte 02).avi,2012,Colombia,JAIME ALBERTO CARMONA PARRA,3
00047,008,Generación de Contenido Multimedia,Otro,Video en  You Tube Mitos acerca del suicidio en niños y adolescentes (Parte 01) 3.280 visualizaciones,2010,Colombia,"JAIME ALBERTO CARMONA PARRA, ANCIZAR VARGAS LEON, JOHN FELIPE TOBON HOYOS, JUAN CARLOS JARAMILLO ESTRADA, PAOLO VILLALBA STORTI, YULIANA AREIZA",3
00048,009,Generación de Contenido Multimedia,,,,,,3
00049,010,Generación de Contenido Multimedia,,,,,,3
00050,011,Generación de Contenido Multimedia,Entrevista,Suicidio en estudiantes universitarios,2019,Colombia,LEIDY TATIANA CASTANEDA QUIRAMA,3
00051,011,Generación de Contenido Multimedia,Entrevista,Fobias: reales y tratables,2017,Colombia,LEIDY TATIANA CASTANEDA QUIRAMA,3
00052,011,Generación de Contenido Multimedia,Entrevista,Temor a estar sin celular ¿ Nomofobia,2017,Colombia,SANDRA MILENA RESTREPO ESCOBAR,3
00053,011,Generación de Contenido Multimedia,Entrevista,Rupturas amorosas por redes sociales,2016,Colombia,SANDRA MILENA RESTREPO ESCOBAR,3
00054,011,Generación de Contenido Multimedia,Entrevista,Ciclo familiar,2016,Colombia,SANDRA MILENA RESTREPO ESCOBAR,3
00055,011,Generación de Contenido Multimedia,Entrevista,El barrismo,2016,Colombia,SANDRA MILENA RESTREPO ESCOBAR,3
00056,011,Generación de Contenido Multimedia,Entrevista,El cutting,2016,Colombia,SANDRA MILENA RESTREPO ESCOBAR,3
00057,011,Generación de Contenido Multimedia,Entrevista,Enfermedades Mentales,2016,Colombia,SANDRA MILENA RESTREPO ESCOBAR,3
00058,011,Generación de Contenido Multimedia,Entrevista,Identidades Juveniles: Otakus y Emos,2016,Colombia,SANDRA MILENA RESTREPO ESCOBAR,3
00059,011,Generación de Contenido Multimedia,Entrevista,Miedos e inseguridades,2016,Colombia,SANDRA MILENA RESTREPO ESCOBAR,3
00060,011,Generación de Contenido Multimedia,Entrevista,Identidades Juveniles: Rastafaris y Punks,2016,Colombia,SANDRA MILENA RESTREPO ESCOBAR,3
00061,011,Generación de Contenido Multimedia,Entrevista,Política pública de Familia,2016,Colombia,SANDRA MILENA RESTREPO ESCOBAR,3
00062,011,Generación de Contenido Multimedia,Entrevista,El arte como fuente de creatividad,2016,Colombia,SANDRA MILENA RESTREPO ESCOBAR,3
00063,011,Generación de Contenido Multimedia,Entrevista,Las Fobias,2016,Colombia,SANDRA MILENA RESTREPO ESCOBAR,3
00064,011,Generación de Contenido Multimedia,Entrevista,La farmacodependencia,2016,Colombia,SANDRA MILENA RESTREPO ESCOBAR,3
00065,011,Generación de Contenido Multimedia,Comentario,"FACTORES PROTECTORES Y ALTERNATIVAS PREVENTIVAS EN LUDOPATÍA, MEDELLÍN 2007",2008,Colombia,MARIA ADELAIDA STORTI CALDERON,3
00066,011,Generación de Contenido Multimedia,Comentario,"FACTORES PROTECTORES Y ALTERNATIVAS PREVENTIVAS EN LUDOPATÍA, MEDELLÍN 2007",2007,Colombia,MARIA ADELAIDA STORTI CALDERON,3
00067,011,Generación de Contenido Multimedia,Entrevista,Consumo de Drogas en Latinoamerica y Programas de Prevencion,2000,Estados Unidos,GUILLERMO ALONSO CASTANO PEREZ,3
00068,012,Generación de Contenido Multimedia,Otro,Hilos conductores,2020,Colombia,CARLOS SUAREZ QUICENO,3
00069,012,Generación de Contenido Multimedia,Otro,Marketing digital en las empresas pymes de Aburrá Sur,2020,Colombia,CARLOS ANDRES TREJOS GIL,3
00070,012,Generación de Contenido Multimedia,Entrevista,Visualización del proceso académico de formación en tiempo real. Desarrollo de una App,2018,Colombia,CARLOS ANDRES TREJOS GIL,3
00071,012,Generación de Contenido Multimedia,Otro,Tecnología y Fe,2018,Colombia,JHOEEN SNEYDER ROJAS DIAZ,3
00072,012,Generación de Contenido Multimedia,Entrevista,"Programa de Televisión: ""En Rojo y Negro"", Comunicación y tecnología",2015,Colombia,"EDWIN ANDRES SEPULVEDA CARDONA, CARLOS SUAREZ QUICENO",3
00073,012,Generación de Contenido Multimedia,Mesa redonda,Transmisión en vivo desde la 9na Fiesta del Libro y la Cultura de Medellín,2015,Colombia,"CARLOS SUAREZ QUICENO, EDWIN ANDRES SEPULVEDA CARDONA",3
00074,012,Generación de Contenido Multimedia,Mesa redonda,Transmisión en vivo desde la novena Fiesta del Libro y la Cultura de Medellín,2015,Colombia,"EDWIN ANDRES SEPULVEDA CARDONA, CARLOS SUAREZ QUICENO",3
00075,012,Generación de Contenido Multimedia,Otro,Video educativo para la prevención del suicidio en el escenario escolar,2012,Colombia,PAOLO ANTONIO VILLALBA STORTI,3
00076,012,Generación de Contenido Multimedia,Entrevista,1230 AM Noticias Magazín,2011,Colombia,ANCIZAR VARGAS LEON,3
00077,013,Generación de Contenido Multimedia,Otro,Filosofía de la cultura,2019,Colombia,ANDRES FELIPE AGUDELO ZORRILLA,3
00078,013,Generación de Contenido Multimedia,Otro,Antropología filosófica,2019,Colombia,ANDRES FELIPE AGUDELO ZORRILLA,3
00079,013,Generación de Contenido Multimedia,Entrevista,Hora de Consultar 2018 Grupo de investigación Filosofía y Teología crítica,2017,Colombia,DAVID ESTEBAN ZULUAGA MESA,3
00080,013,Generación de Contenido Multimedia,Otro,Escuela de Formación a Distancia Didajé. Módulo Mariano: Santa María la Virgen. No. 11,2009,Colombia,JANNETH MUNOZ RENDON,3
00081,013,Generación de Contenido Multimedia,Otro,Escuela de Formación a Distancia Didajé. Módulo Mariano: Santa María la Virgen. No. 17,2008,Colombia,JANNETH MUNOZ RENDON,3
00082,013,Generación de Contenido Multimedia,Otro,Escuela de Formación a Distancia Didajé. Módulo Mariano: Santa María la Virgen. No. 19,2008,Colombia,JANNETH MUNOZ RENDON,3
00083,013,Generación de Contenido Multimedia,Otro,Escuela de Formación a Distancia Didajé. Módulo Mariano: Santa María la Virgen. No. 21,2008,Colombia,JANNETH MUNOZ RENDON,3
00084,013,Generación de Contenido Multimedia,Otro,Escuela de Formación a Distancia Didajé. Módulo Mariano: Santa María la Virgen. No. 20,2008,Colombia,JANNETH MUNOZ RENDON,3
00085,013,Generación de Contenido Multimedia,Otro,Escuela de Formación a Distancia Didajé. Módulo Mariano: Santa María la Virgen. No. 14,2008,Colombia,JANNETH MUNOZ RENDON,3
00086,013,Generación de Contenido Multimedia,Otro,Escuela de Formación a Distancia Didajé. Módulo Mariano: Santa María la Virgen. No. 18,2008,Colombia,JANNETH MUNOZ RENDON,3
00087,013,Generación de Contenido Multimedia,Otro,Escuela de Formación a Distancia Didajé. Módulo Mariano: Santa María la Virgen. No. 16,2008,Colombia,JANNETH MUNOZ RENDON,3
00088,013,Generación de Contenido Multimedia,Otro,Escuela de Formación a Distancia Didajé. Módulo Mariano: Santa María la Virgen. No. 15,2008,Colombia,JANNETH MUNOZ RENDON,3
00089,013,Generación de Contenido Multimedia,Otro,Escuela de Formación a Distancia Didajé. Módulo Mariano: Santa María la Virgen. No. 13,2008,Colombia,JANNETH MUNOZ RENDON,3
00090,013,Generación de Contenido Multimedia,Otro,Escuela de Formación a Distancia Didajé. Módulo Mariano: Santa María la Virgen. No. 8,2008,Colombia,JANNETH MUNOZ RENDON,3
00091,013,Generación de Contenido Multimedia,Otro,Escuela de Formación a Distancia Didajé. Módulo Mariano: Santa María la Virgen. No. 9,2008,Colombia,JANNETH MUNOZ RENDON,3
00092,013,Generación de Contenido Multimedia,Otro,Escuela de Formación a Distancia Didajé. Módulo Mariano: Santa María la Virgen. No. 10,2008,Colombia,JANNETH MUNOZ RENDON,3
00093,013,Generación de Contenido Multimedia,Otro,Escuela de Formación a Distancia Didajé. Módulo Mariano: Santa María la Virgen. No. 12,2008,Colombia,JANNETH MUNOZ RENDON,3
00094,013,Generación de Contenido Multimedia,Otro,Escuela de Formación a Distancia Didajé. Módulo Mariano: Santa María la Virgen. No. 7,2008,Colombia,JANNETH MUNOZ RENDON,3
00095,013,Generación de Contenido Multimedia,Otro,Escuela de Formación a Distancia Didajé. Módulo Mariano: Santa María la Virgen. No. 6,2008,Colombia,JANNETH MUNOZ RENDON,3
00096,013,Generación de Contenido Multimedia,Otro,Escuela de Formación a Distancia Didajé. Módulo Mariano: Santa María la Virgen. No. 5,2008,Colombia,JANNETH MUNOZ RENDON,3
00097,013,Generación de Contenido Multimedia,Otro,Escuela de Formación a Distancia Didajé. Módulo Mariano: Santa María la Virgen. No. 4,2008,Colombia,JANNETH MUNOZ RENDON,3
00098,013,Generación de Contenido Multimedia,Otro,Escuela de Formación a Distancia Didajé. Módulo Mariano: Santa María la Virgen. No. 3,2008,Colombia,JANNETH MUNOZ RENDON,3
00099,013,Generación de Contenido Multimedia,Otro,"Escuela de Formación a Distancia Didajé. Módulo Mariano: Santa María la Virgen. No.1. Tema: ""María Inmaculada"".",2008,Colombia,JANNETH MUNOZ RENDON,3
00100,013,Generación de Contenido Multimedia,Otro,"Escuela de Formación a Distancia Didajé. Módulo Mariano: Santa María la Virgen. No. 2. Tema: ""María Inmaculada""",2008,Colombia,JANNETH MUNOZ RENDON,3
00101,014,Generación de Contenido Multimedia,Otro,Conferencia entidades del régimen tributario especial,2018,Colombia,MARIA VICTORIA AGUDELO VARGAS,3
00102,014,Generación de Contenido Multimedia,Otro,Defensa pública de tesis doctoral,2017,Venezuela,MARIA VICTORIA AGUDELO VARGAS,3
