id,id_grupo,nombre,vinculacion,horas_dedicacion,inicio_vinculacion,fin_vinculacion,url_x,grupo 2,clasificación,posgrade,id_scholar,orcid,h_index,articulos,softwares,trabajos_dirigidos,capitulos,libros,innovaciones
0001,001,LUIS FERNANDO CARDONA PALACIO,Integrante,4,2014-7-1,Actual,https://scienti.minciencias.gov.co/cvlac/visualizador/generarCurriculoCv.do?cod_rh=0001472696,,Investigador Senior (IS),Doctorado,hOgH7HAAAAAJ,0000-0002-6526-9508,9.0,49,0,8,3,1,0
0002,001,VICTOR DANIEL GIL VERA,Integrante,10,2014-1-1,Actual,https://scienti.minciencias.gov.co/cvlac/visualizador/generarCurriculoCv.do?cod_rh=0001482462,NEUROCIENCIAS BÁSICAS Y APLICADAS,Investigador Senior (IS),Doctorado,1-4BHH8AAAAJ,0000-0003-3895-4822,10.0,60,17,36,18,12,8
0003,001,ANDRES FELIPE MARIN MIRANDA,Integrante,0,2024-6-1,Actual,https://scienti.minciencias.gov.co/cvlac/visualizador/generarCurriculoCv.do?cod_rh=0002172460,,Sin clasificar,Maestría/Magister,,,,0,0,0,0,0,0
0004,001,ANDRES MAURICIO GRISALES AGUIRRE,Integrante,3,2015-11-1,Actual,https://scienti.minciencias.gov.co/cvlac/visualizador/generarCurriculoCv.do?cod_rh=0001436256,,Investigador Junior (IJ),Doctorado,-urmP7EAAAAJ,0000-0002-4385-4474,6.0,19,3,16,1,3,0
0005,001,CHRISTIAN CASALLAS BENITEZ,Integrante,0,2025-6-1,Actual,https://scienti.minciencias.gov.co/cvlac/visualizador/generarCurriculoCv.do?cod_rh=0001831012,,Sin clasificar,Maestría/Magister,,,,0,1,0,0,0,0
0006,001,DIEGO ALEJANDRO ROBLEDO MEJIA,Integrante,5,2024-5-1,Actual,https://scienti.minciencias.gov.co/cvlac/visualizador/generarCurriculoCv.do?cod_rh=0002207989,,Sin clasificar,Maestría/Magister,,,,0,0,0,0,0,0
0007,001,DURLEY CECILIA LOPEZ ALZATE,Integrante,4,2025-1-1,Actual,https://scienti.minciencias.gov.co/cvlac/visualizador/generarCurriculoCv.do?cod_rh=0001400379,,Investigador Junior (IJ),Doctorado,,,,1,5,12,0,1,0
0008,001,FRANKLIN FERRARO GOMEZ,Integrante,6,2013-7-1,Actual,https://scienti.minciencias.gov.co/cvlac/visualizador/generarCurriculoCv.do?cod_rh=0000651532,,Investigador Junior (IJ),Doctorado,DNeZOJUAAAAJ,0000-0002-9996-8964,13.0,34,0,1,0,0,0
0009,001,INGRID DURLEY TORRES PARDO,Integrante,10,2018-1-1,Actual,https://scienti.minciencias.gov.co/cvlac/visualizador/generarCurriculoCv.do?cod_rh=0001404075,,Investigador Senior (IS),Doctorado,nchHazIAAAAJ,0000-0003-4503-7512,8.0,14,32,22,10,0,0
0010,001,JUAN CARLOS BRINEZ DE LEON,Integrante,5,2024-5-1,Actual,https://scienti.minciencias.gov.co/cvlac/visualizador/generarCurriculoCv.do?cod_rh=0001539595,,Investigador Asociado (I),Doctorado,,,,23,1,35,0,0,1
0011,001,JUAN SEBASTIAN PARRA SANCHEZ,Integrante,5,2020-5-1,Actual,https://scienti.minciencias.gov.co/cvlac/visualizador/generarCurriculoCv.do?cod_rh=0000072898,"EDUCACIÓN, INFANCIA Y LENGUAS EXTRANJERAS",Investigador Junior (IJ),Doctorado,-84PbicAAAAJ,0009-0006-2146-6098,2.0,7,5,15,0,0,0
0012,001,MARIA JULIA NIETO CALLEJAS,Integrante,4,2018-8-1,Actual,https://scienti.minciencias.gov.co/cvlac/visualizador/generarCurriculoCv.do?cod_rh=0000005825,,Sin clasificar,Doctorado,XuxhAV0AAAAJ,0000-0001-5851-4053,2.0,4,0,9,2,0,0
0013,001,MAURICIO LOPEZ BONILLA,Integrante,6,2011-6-1,Actual,https://scienti.minciencias.gov.co/cvlac/visualizador/generarCurriculoCv.do?cod_rh=0001381737,,Investigador Junior (IJ),Doctorado,lQqAfmwAAAAJ,0000-0002-4610-8215,6.0,8,5,2,1,2,0
0014,001,PAOLA MARCELA ALZATE MONTOYA,Integrante,4,2021-1-1,Actual,https://scienti.minciencias.gov.co/cvlac/visualizador/generarCurriculoCv.do?cod_rh=0000116945,GESNE,Investigador Junior (IJ),Doctorado,6vDrM-8AAAAJ,0000-0001-5406-3355,2.0,26,0,5,5,1,0
0015,002,DANY STEVEN GOMEZ AGUDELO,Integrante,10,2019-1-1,Actual,https://scienti.minciencias.gov.co/cvlac/visualizador/generarCurriculoCv.do?cod_rh=0000107135,,Investigador Asociado (I),Maestría/Magister,YaysRIIAAAAJ,0000-0003-2687-0146,3.0,7,0,43,16,0,0
0016,002,ANA MARIA ROLDAN VILLA,Integrante,2,2021-1-1,Actual,https://scienti.minciencias.gov.co/cvlac/visualizador/generarCurriculoCv.do?cod_rh=0001863552,,Investigador Junior (IJ),Maestría/Magister,,,,7,0,27,4,1,0
0017,002,ANGEL AUGUSTO VIZCAYA CASTILLO,Integrante,20,2022-1-1,Actual,https://scienti.minciencias.gov.co/cvlac/visualizador/generarCurriculoCv.do?cod_rh=0001679658,,Investigador Junior (IJ),Maestría/Magister,,,,0,0,0,0,2,35
0018,002,JAIME ALBERTO PINEDA MUNOZ,Integrante,80,2021-1-1,Actual,https://scienti.minciencias.gov.co/cvlac/visualizador/generarCurriculoCv.do?cod_rh=0001134078,,Sin clasificar,Doctorado,,,,7,0,20,21,0,0
0019,002,JENNY MARCELA ACEVEDO VALENCIA,Integrante,10,2019-8-1,Actual,https://scienti.minciencias.gov.co/cvlac/visualizador/generarCurriculoCv.do?cod_rh=0001186337,,Investigador Asociado (I),Doctorado,ul0fN9wAAAAJ,0000-0001-8971-9975,5.0,19,0,45,3,3,0
0020,002,JUAN ESTEBAN AGUIRRE ESPINOSA,Integrante,10,2018-5-1,Actual,https://scienti.minciencias.gov.co/cvlac/visualizador/generarCurriculoCv.do?cod_rh=0001436904,,Investigador Asociado (I),Doctorado,9QD3rjkAAAAJ,0000-0001-9012-9585,3.0,9,0,32,14,1,0
0021,002,JULIAN ANDRES ALVAREZ RESTREPO,Integrante,8,2022-1-1,Actual,https://scienti.minciencias.gov.co/cvlac/visualizador/generarCurriculoCv.do?cod_rh=0001472244,,Investigador Junior (IJ),Doctorado,,,,4,0,12,3,2,0
0022,002,MAURICIO MEJIA LOBO,Integrante,2,2020-2-1,Actual,https://scienti.minciencias.gov.co/cvlac/visualizador/generarCurriculoCv.do?cod_rh=0000621641,FARMACODEPENDENCIA Y OTRAS ADICCIONES,Investigador Asociado (I),Doctorado,,0000-0001-9184-0563,,10,27,65,2,0,3
0023,002,PAULO BERNARDO ARBOLEDA RAMIREZ,Integrante,15,2013-3-1,Actual,https://scienti.minciencias.gov.co/cvlac/visualizador/generarCurriculoCv.do?cod_rh=0001431944,,Investigador Junior (IJ),Maestría/Magister,,,,18,0,20,8,3,7
0024,002,ROBERTO MAURICIO ROMERO CARDENAS,Integrante,10,2017-9-1,Actual,https://scienti.minciencias.gov.co/cvlac/visualizador/generarCurriculoCv.do?cod_rh=0000080033,,Investigador Asociado (I),Doctorado,YdeOxzsAAAAJ,0000-0002-2409-4860,2.0,3,0,25,5,1,0
0025,002,SEBASTIAN DIAZ BOLIVAR,Integrante,7,2025-1-1,Actual,https://scienti.minciencias.gov.co/cvlac/visualizador/generarCurriculoCv.do?cod_rh=0001988563,,Sin clasificar,Maestría/Magister,,,,4,0,9,6,0,0
0026,002,VICTOR HUGO OCHOA GOMEZ,Integrante,8,2021-1-1,Actual,https://scienti.minciencias.gov.co/cvlac/visualizador/generarCurriculoCv.do?cod_rh=0000098247,,Investigador Junior (IJ),Doctorado,,,,1,0,15,1,1,0
0027,003,LINA MARCELA SUAREZ RESTREPO,Integrante,5,2022-7-1,Actual,https://scienti.minciencias.gov.co/cvlac/visualizador/generarCurriculoCv.do?cod_rh=0001492883,,Investigador Junior (IJ),Doctorado,,,,6,0,9,4,0,0
0028,003,JORMARIS MARTINEZ GOMEZ,Integrante,30,2014-5-1,Actual,https://scienti.minciencias.gov.co/cvlac/visualizador/generarCurriculoCv.do?cod_rh=0000045977,,Investigador Senior (IS),Doctorado,3vFUn4wAAAAJ,0000-0002-9863-3505,8.0,16,1,51,5,2,22
0029,003,ANDRES FELIPE ARROYAVE GUTIERREZ,Integrante,2,2026-2-1,Actual,https://scienti.minciencias.gov.co/cvlac/visualizador/generarCurriculoCv.do?cod_rh=0002504423,,Sin clasificar,Pregrado/Universitario,,,,0,0,0,0,0,0
0030,003,DANIEL MUNOZ QUINTERO,Integrante,4,2019-2-1,Actual,https://scienti.minciencias.gov.co/cvlac/visualizador/generarCurriculoCv.do?cod_rh=0001660142,,Sin clasificar,Pregrado/Universitario,Fp-EtWwAAAAJ,0000-0001-6379-2971,1.0,5,0,3,1,0,0
0031,003,JAIME ALBERTO BELTRAN RIOS,Integrante,10,2015-5-1,Actual,https://scienti.minciencias.gov.co/cvlac/visualizador/generarCurriculoCv.do?cod_rh=0001434708,,Investigador Asociado (I),Maestría/Magister,bjYfxdwAAAAJ,0000-0001-9194-4864,5.0,53,0,47,0,1,13
0032,003,JOSE ANTONIO LOPEZ GIRALDO,Integrante,6,2015-2-1,Actual,https://scienti.minciencias.gov.co/cvlac/visualizador/generarCurriculoCv.do?cod_rh=0000038887,,Investigador Senior (IS),Maestría/Magister,jCYg-jsAAAAJ,0000-0002-4510-2145,5.0,58,0,33,0,1,13
0033,003,JUAN GUILLERMO SALDARRIAGA RIOS,Integrante,8,2012-2-1,Actual,https://scienti.minciencias.gov.co/cvlac/visualizador/generarCurriculoCv.do?cod_rh=0000148342,,Investigador Junior (IJ),Doctorado,,,,11,0,67,4,1,0
0034,003,LUIS FERNANDO QUINTERO ARANGO,Integrante,15,2015-7-1,Actual,https://scienti.minciencias.gov.co/cvlac/visualizador/generarCurriculoCv.do?cod_rh=0001338621,,Investigador Senior (IS),Doctorado,vu06sqwAAAAJ,0000-0002-6268-065X,8.0,118,1,25,16,2,24
0035,003,MONICA ELIANA ARISTIZABAL VELASQUEZ,Integrante,10,2017-1-1,Actual,https://scienti.minciencias.gov.co/cvlac/visualizador/generarCurriculoCv.do?cod_rh=0000324990,,Investigador Senior (IS),Doctorado,JbJUmmcAAAAJ,0000-0003-3057-4374,3.0,6,1,17,19,2,13
0036,003,NESTOR EDUARDO FLOREZ OVIEDO,Integrante,12,2018-1-1,Actual,https://scienti.minciencias.gov.co/cvlac/visualizador/generarCurriculoCv.do?cod_rh=0001452620,,Investigador Asociado (I),Maestría/Magister,3oUj4vUAAAAJ,0000-0003-2744-9070,,7,0,25,7,0,0
0037,003,SANDRA MILENA MALAVERA PINEDA,Integrante,12,2017-2-1,Actual,https://scienti.minciencias.gov.co/cvlac/visualizador/generarCurriculoCv.do?cod_rh=0001340431,,Investigador Asociado (I),Doctorado,qvBehKYAAAAJ,0000-0001-6568-240X,3.0,5,1,45,19,10,1
0038,003,SASHA JULIAANA ARANZAZU HENAO,Integrante,5,2021-2-1,Actual,https://scienti.minciencias.gov.co/cvlac/visualizador/generarCurriculoCv.do?cod_rh=0001660841,,Sin clasificar,Maestría/Magister,,0000-0001-9451-1730,,1,0,13,0,0,0
0039,003,SUGEY ELENA ANAYA GARCIA,Integrante,10,2017-1-1,Actual,https://scienti.minciencias.gov.co/cvlac/visualizador/generarCurriculoCv.do?cod_rh=0000154141,,Sin clasificar,Doctorado,qPSF-CgAAAAJ,0000-0002-4166-6277,,3,0,2,0,0,0
0040,003,VICTOR HUGO MERINO CORDOBA,Integrante,12,2015-1-1,Actual,https://scienti.minciencias.gov.co/cvlac/visualizador/generarCurriculoCv.do?cod_rh=0001635812,GESNE,Investigador Senior (IS),Doctorado,OTNPTx4AAAAJ,0000-0001-8911-7202,,25,0,37,33,19,6
0041,003,YAMARU DEL VALLE CHIRINOS ARAQUE,Integrante,10,2015-1-1,Actual,https://scienti.minciencias.gov.co/cvlac/visualizador/generarCurriculoCv.do?cod_rh=0000045844,GESNE,Investigador Senior (IS),Doctorado,NzpSyf0AAAAJ,0000-0003-0471-9859,9.0,24,0,50,47,0,23
0042,003,DIEGO LEON CARVAJAL SERNA,Integrante,10,2023-1-1,Actual,https://scienti.minciencias.gov.co/cvlac/visualizador/generarCurriculoCv.do?cod_rh=0000134157,,Investigador Junior (IJ),Especialización,,,,0,0,11,0,1,47
0043,003,JUAN SANTIAGO CALLE PIEDRAHITA,Integrante,10,2019-1-1,Actual,https://scienti.minciencias.gov.co/cvlac/visualizador/generarCurriculoCv.do?cod_rh=0001169017,,Investigador Asociado (I),Doctorado,sXijM8EAAAAJ,0000-0001-6320-5204,,12,0,90,42,1,2
0044,004,MARIA ISABEL GUERRERO MOLINA,Integrante,0,2018-3-1,Actual,https://scienti.minciencias.gov.co/cvlac/visualizador/generarCurriculoCv.do?cod_rh=0000514322,,Investigador Asociado (I),Doctorado,PXnaNH4AAAAJ,0000-0002-8792-0832,3.0,15,0,44,6,0,1
0045,004,YASMIN ALEXANDRA VASQUEZ SUAREZ,Integrante,0,2018-6-1,Actual,https://scienti.minciencias.gov.co/cvlac/visualizador/generarCurriculoCv.do?cod_rh=0001409329,,Sin clasificar,Doctorado,,,,4,0,9,0,0,0
0046,004,ALBEIRO AGUIRRE RIOS,Integrante,48,2023-1-1,Actual,https://scienti.minciencias.gov.co/cvlac/visualizador/generarCurriculoCv.do?cod_rh=0000028860,,Investigador Junior (IJ),Maestría/Magister,,,,7,0,20,10,0,0
0047,004,ELIAS ALEXANDER VALLEJO MONTOYA,Integrante,7,2014-10-1,Actual,https://scienti.minciencias.gov.co/cvlac/visualizador/generarCurriculoCv.do?cod_rh=0000623466,,Investigador Junior (IJ),Maestría/Magister,,,,2,0,53,3,0,5
0048,004,GABRIEL ANTONIO MOYANO LONDONO,Integrante,5,2024-2-1,Actual,https://scienti.minciencias.gov.co/cvlac/visualizador/generarCurriculoCv.do?cod_rh=0001834846,,Sin clasificar,Doctorado,,,,11,0,2,3,0,0
0049,004,HERNANDO EMILIO ZABALA SALAZAR,Integrante,11,2001-8-1,Actual,https://scienti.minciencias.gov.co/cvlac/visualizador/generarCurriculoCv.do?cod_rh=0000066419,,Investigador Junior (IJ),Especialización,,,,16,0,2,24,24,0
0050,004,JUAN JOSE ESPINAL PIEDRAHITA,Integrante,2,2021-11-1,Actual,https://scienti.minciencias.gov.co/cvlac/visualizador/generarCurriculoCv.do?cod_rh=0001721977,,Investigador Junior (IJ),Maestría/Magister,Ej0fTuoAAAAJ,0000-0002-5641-139X,3.0,9,1,10,3,0,0
0051,004,MARTHA DEL SOCORRO ALZATE CARDENAS,Integrante,8,2014-2-1,Actual,https://scienti.minciencias.gov.co/cvlac/visualizador/generarCurriculoCv.do?cod_rh=0000942367,,Investigador Junior (IJ),Maestría/Magister,bEZsTPUAAAAJ,0000-0001-5683-7238,4.0,17,0,98,2,4,0
0052,004,VIVIANA MOLINA OSORIO,Integrante,0,2024-2-1,Actual,https://scienti.minciencias.gov.co/cvlac/visualizador/generarCurriculoCv.do?cod_rh=0001632836,,Investigador Junior (IJ),Doctorado,,,,2,0,4,2,1,1
0053,004,JOSE DAVID GIRALDO CASTELLANOS,Integrante,2,2021-5-1,Actual,https://scienti.minciencias.gov.co/cvlac/visualizador/generarCurriculoCv.do?cod_rh=0000138253,,Investigador Junior (IJ),Doctorado,N18mkQUAAAAJ,0000-0002-1278-8697,4.0,13,0,4,0,0,0
0054,004,LAURA ELENA ZAPATA JIMENEZ,Integrante,2,2022-6-1,Actual,https://scienti.minciencias.gov.co/cvlac/visualizador/generarCurriculoCv.do?cod_rh=0000313220,,Sin clasificar,Maestría/Magister,IjPj8zoAAAAJ,0000-0002-5934-3484,1.0,0,0,98,12,0,1
0055,005,CATALINA QUINTERO LOPEZ,Integrante,20,2019-7-1,Actual,https://scienti.minciencias.gov.co/cvlac/visualizador/generarCurriculoCv.do?cod_rh=0000921602,,Investigador Asociado (I),Doctorado,jp1wLg4AAAAJ,0000-0001-5532-3024,5.0,36,2,34,9,1,2
0056,005,CESAR ANDRES CARMONA CARDONA,Integrante,10,2019-7-1,Actual,https://scienti.minciencias.gov.co/cvlac/visualizador/generarCurriculoCv.do?cod_rh=0000021118,,Investigador Junior (IJ),Doctorado,LN9Fg-8AAAAJ,0000-0002-7179-2610,2.0,8,0,26,7,1,0
0057,005,ANYERSON STITHS GOMEZ TABARES,Integrante,5,2020-9-1,Actual,https://scienti.minciencias.gov.co/cvlac/visualizador/generarCurriculoCv.do?cod_rh=0001583946,ESTUDIOS DE FENÓMENOS PSICOSOCIALES,Investigador Asociado (I),Doctorado,504O9wUAAAAJ,0000-0001-7389-3178,,86,0,41,11,3,0
0058,005,DANIEL ALFREDO LANDINEZ MARTINEZ,Integrante,13,2017-3-1,Actual,https://scienti.minciencias.gov.co/cvlac/visualizador/generarCurriculoCv.do?cod_rh=0001572030,,Investigador Asociado (I),Doctorado,HWzOMPwAAAAJ,0000-0002-7265-5052,8.0,45,4,33,0,0,0
0059,005,DANIEL ARBOLEDA ORREGO,Integrante,0,2026-5-1,Actual,https://scienti.minciencias.gov.co/cvlac/visualizador/generarCurriculoCv.do?cod_rh=0000054459,,Sin clasificar,Maestría/Magister,,,,2,0,4,0,0,0
0060,005,ISABEL CRISTINA PUERTA LOPERA,Integrante,10,2011-3-1,Actual,https://scienti.minciencias.gov.co/cvlac/visualizador/generarCurriculoCv.do?cod_rh=0000045683,,Investigador Senior (IS),Doctorado,I7x7Oo8AAAAJ,0000-0002-3533-8015,15.0,8,2,27,7,2,8
0061,005,JUAN DIEGO BETANCUR ARIAS,Integrante,10,2015-2-1,Actual,https://scienti.minciencias.gov.co/cvlac/visualizador/generarCurriculoCv.do?cod_rh=0000988928,,Investigador Senior (IS),Doctorado,Rb881xwAAAAJ,0000-0003-3340-8670,8.0,15,1,53,9,4,41
0062,005,JUAN FRANCISCO PALOMARES GOMEZ,Integrante,0,2024-1-1,Actual,https://scienti.minciencias.gov.co/cvlac/visualizador/generarCurriculoCv.do?cod_rh=0001568608,,Sin clasificar,Maestría/Magister,,,,3,0,38,0,0,0
0063,005,JULIO ANTONIO OLIVERA LA ROSA,Integrante,13,2014-7-1,Actual,https://scienti.minciencias.gov.co/cvlac/visualizador/generarCurriculoCv.do?cod_rh=0001578351,,Investigador Senior (IS),Doctorado,p1jzZwMAAAAJ,0000-0001-7637-8518,11.0,37,0,16,5,1,0
0064,005,OMAR AUGUSTO AMADOR SANCHEZ,Integrante,4,2019-8-1,Actual,https://scienti.minciencias.gov.co/cvlac/visualizador/generarCurriculoCv.do?cod_rh=0001338634,,Investigador Junior (IJ),Maestría/Magister,2EdSYP0AAAAJ,0000-0001-6013-8480,4.0,9,0,10,2,2,22
0065,006,CARMEN YSABEL MARTINEZ DE MERINO,Integrante,20,2018-1-1,Actual,https://scienti.minciencias.gov.co/cvlac/visualizador/generarCurriculoCv.do?cod_rh=0000031091,,Investigador Senior (IS),Doctorado,a5eJhxMAAAAJ,0000-0002-8134-2306,7.0,26,0,13,33,1,6
0066,006,LEISY MAGDALI ARROYAVE TABORDA,Integrante,8,2021-1-1,Actual,https://scienti.minciencias.gov.co/cvlac/visualizador/generarCurriculoCv.do?cod_rh=0000113376,,Investigador Asociado (I),Doctorado,KVBCFWkAAAAJ,0000-0003-3982-2805,5.0,17,0,7,4,0,0
0067,006,ADRIANA MARIA GALLEGO HENAO,Integrante,18,2007-2-1,Actual,https://scienti.minciencias.gov.co/cvlac/visualizador/generarCurriculoCv.do?cod_rh=0000961124,,Investigador Senior (IS),Doctorado,zts5sHIAAAAJ,0000-0003-2952-1603,13.0,36,0,58,11,1,0
0068,006,CRUZ ELENA GARCIA CARMONA,Integrante,6,2025-1-1,Actual,https://scienti.minciencias.gov.co/cvlac/visualizador/generarCurriculoCv.do?cod_rh=0001612238,,Sin clasificar,Maestría/Magister,,,,0,0,9,0,0,0
0069,006,EDISON FERNEY CASTRILLON ANGEL,Integrante,10,2021-11-1,Actual,https://scienti.minciencias.gov.co/cvlac/visualizador/generarCurriculoCv.do?cod_rh=0001720164,,Investigador Asociado (I),Doctorado,zXo78i4AAAAJ,0000-0001-9237-1084,3.0,78,0,40,3,0,0
0070,006,ENID DANIELA VARGAS MESA,Integrante,5,2018-1-1,Actual,https://scienti.minciencias.gov.co/cvlac/visualizador/generarCurriculoCv.do?cod_rh=0000144952,,Investigador Junior (IJ),Maestría/Magister,Y-Iyf5YAAAAJ,0000-0003-2228-2072,3.0,7,0,7,2,4,0
0071,006,JAIRO GUTIERREZ AVENDANO,Integrante,22,2014-7-1,Actual,https://scienti.minciencias.gov.co/cvlac/visualizador/generarCurriculoCv.do?cod_rh=0000810339,FILOSOFÍA Y TEOLOGÍA CRÍTICA,Investigador Senior (IS),Doctorado,CQb-NwwAAAAJ,0000-0002-0642-0722,7.0,38,0,15,9,38,0
0072,006,JOHN JAIRO BLANDON MENA,Integrante,5,2022-1-1,Actual,https://scienti.minciencias.gov.co/cvlac/visualizador/generarCurriculoCv.do?cod_rh=0001633138,,Sin clasificar,Doctorado,,,,1,0,0,1,1,0
0073,006,JOSE VICENTE ABAD OLAYA,Integrante,21,2013-3-1,Actual,https://scienti.minciencias.gov.co/cvlac/visualizador/generarCurriculoCv.do?cod_rh=0001367136,,Investigador Asociado (I),Doctorado,trVcxggAAAAJ,0000-0002-1548-9043,4.0,51,0,51,8,1,0
0074,006,JOSE WILMAR PINO MONTOYA,Integrante,22,2013-6-1,Actual,https://scienti.minciencias.gov.co/cvlac/visualizador/generarCurriculoCv.do?cod_rh=0001236733,FILOSOFÍA Y TEOLOGÍA CRÍTICA,Investigador Senior (IS),Doctorado,AKJaLrEAAAAJ,0000-0001-9035-2058,11.0,23,0,40,7,1,0
0075,006,JUAN DE DIOS MARIN MURILLO,Integrante,10,2026-1-1,Actual,https://scienti.minciencias.gov.co/cvlac/visualizador/generarCurriculoCv.do?cod_rh=0001784443,,Sin clasificar,Doctorado,,,,5,0,0,0,1,0
0076,006,JUANITA TORRES PEREZ,Integrante,5,2026-1-1,Actual,https://scienti.minciencias.gov.co/cvlac/visualizador/generarCurriculoCv.do?cod_rh=0002516387,,Sin clasificar,Pregrado/Universitario,,,,0,0,0,0,0,0
0077,006,LESLIE JULIANA LOPERA BEDOYA,Integrante,5,2023-1-1,Actual,https://scienti.minciencias.gov.co/cvlac/visualizador/generarCurriculoCv.do?cod_rh=0001719325,,Sin clasificar,Maestría/Magister,,,,2,0,10,0,0,0
0078,006,MARIANA HENAO CASTANO,Integrante,5,2024-1-1,Actual,https://scienti.minciencias.gov.co/cvlac/visualizador/generarCurriculoCv.do?cod_rh=0001817290,,Sin clasificar,Maestría/Magister,,,,0,0,0,0,0,0
0079,006,MARLON VANEGAS ROJAS,Integrante,9,2018-1-1,Actual,https://scienti.minciencias.gov.co/cvlac/visualizador/generarCurriculoCv.do?cod_rh=0001141406,,Sin clasificar,Doctorado,ioeD-LsAAAAJ,0000-0001-8846-0543,2.0,5,0,61,4,2,0
0080,006,MONICA MARIA ALVAREZ GALLEGO,Integrante,19,2014-2-1,Actual,https://scienti.minciencias.gov.co/cvlac/visualizador/generarCurriculoCv.do?cod_rh=0001312596,,Investigador Asociado (I),Maestría/Magister,sw3ZQ-kAAAAJ,0000-0002-3894-0554,5.0,12,0,36,5,0,0
0081,006,NATALY RESTREPO RESTREPO,Integrante,6,2025-1-1,Actual,https://scienti.minciencias.gov.co/cvlac/visualizador/generarCurriculoCv.do?cod_rh=0001573553,,Investigador Junior (IJ),Doctorado,,,,14,1,32,6,5,0
0082,006,OSCAR PELAEZ HENAO,Integrante,8,2014-2-1,Actual,https://scienti.minciencias.gov.co/cvlac/visualizador/generarCurriculoCv.do?cod_rh=0000011178,,Investigador Asociado (I),Doctorado,WasxVdYAAAAJ,0000-0002-3202-036X,7.0,17,0,34,3,0,0
0083,006,SONIA RUTH QUINTERO ARRUBLA,Integrante,8,2017-1-1,Actual,https://scienti.minciencias.gov.co/cvlac/visualizador/generarCurriculoCv.do?cod_rh=0001490544,,Investigador Asociado (I),Maestría/Magister,Bo9j0C0AAAAJ,0000-0003-4835-2593,6.0,25,0,34,8,0,0
0084,006,VICTOR MANUEL GARNICA AYALA,Integrante,5,2024-1-1,Actual,https://scienti.minciencias.gov.co/cvlac/visualizador/generarCurriculoCv.do?cod_rh=0002209607,,Sin clasificar,Pregrado/Universitario,,,,0,0,0,0,0,0
0085,006,YUSTY CAROLINA RESTREPO SEGURA,Integrante,0,2019-1-1,Actual,https://scienti.minciencias.gov.co/cvlac/visualizador/generarCurriculoCv.do?cod_rh=0001642056,"FAMILIA, DESARROLLO Y CALIDAD DE VIDA",Investigador Asociado (I),Doctorado,BhyHthYAAAAJ,0000-0003-2565-0416,4.0,17,0,5,4,0,0
0086,006,ZAYNE LICEHT TAFUR OCHOA,Integrante,5,2025-6-1,Actual,https://scienti.minciencias.gov.co/cvlac/visualizador/generarCurriculoCv.do?cod_rh=0002386212,,Sin clasificar,CvLAC oculto,,,,0,0,0,0,0,0
0087,006,CARLOS ANDRES CARDONA ARTEAGA,Integrante,5,2024-1-1,Actual,https://scienti.minciencias.gov.co/cvlac/visualizador/generarCurriculoCv.do?cod_rh=0001691213,,Sin clasificar,Maestría/Magister,,,,2,0,0,0,0,0
0088,006,MARTA ELENA GONZALEZ  GIL,Integrante,10,2020-1-1,Actual,https://scienti.minciencias.gov.co/cvlac/visualizador/generarCurriculoCv.do?cod_rh=0001410807,,Investigador Junior (IJ),Doctorado,,,,7,0,14,1,0,0
0089,006,VANESSA ALEJANDRA SANCHEZ SANCHEZ,Integrante,5,2024-1-1,Actual,https://scienti.minciencias.gov.co/cvlac/visualizador/generarCurriculoCv.do?cod_rh=0002087364,,Sin clasificar,Maestría/Magister,,,,0,0,0,1,0,0
0090,007,EDISON FRANCISCO VIVEROS CHAVARRIA,Integrante,8,2003-2-1,Actual,https://scienti.minciencias.gov.co/cvlac/visualizador/generarCurriculoCv.do?cod_rh=0000409847,,Investigador Asociado (I),Maestría/Magister,00wsl70AAAAJ,0000-0003-0610-4110,16.0,40,0,180,3,8,0
0091,007,ANGELA MARITZA LOPERA JARAMILLO,Integrante,6,2017-1-1,Actual,https://scienti.minciencias.gov.co/cvlac/visualizador/generarCurriculoCv.do?cod_rh=0001357119,,Sin clasificar,Maestría/Magister,CcuAh7YAAAAJ,0000-0003-4812-7011,1.0,1,0,25,3,1,0
0092,007,CAROLINA VASQUEZ LOPEZ,Integrante,0,2020-1-1,Actual,https://scienti.minciencias.gov.co/cvlac/visualizador/generarCurriculoCv.do?cod_rh=0001725420,,Investigador Junior (IJ),Maestría/Magister,KcmOLKYAAAAJ,0000-0002-1936-7182,7.0,8,0,40,1,0,0
0093,007,CATALINA GONZALEZ PENAGOS,Integrante,10,2023-1-1,Actual,https://scienti.minciencias.gov.co/cvlac/visualizador/generarCurriculoCv.do?cod_rh=0001519529,,Investigador Asociado (I),Maestría/Magister,,,,19,0,22,11,1,0
0094,007,LEDY MARYORY BEDOYA CARDONA,Integrante,8,2017-1-1,Actual,https://scienti.minciencias.gov.co/cvlac/visualizador/generarCurriculoCv.do?cod_rh=0001559954,,Investigador Junior (IJ),Doctorado,6vKCOHYAAAAJ,0000-0003-4132-3298,4.0,16,0,4,3,2,0
0095,007,OVIDIO HERRERA RIVERA,Integrante,12,2011-2-1,Actual,https://scienti.minciencias.gov.co/cvlac/visualizador/generarCurriculoCv.do?cod_rh=0001410679,,Investigador Junior (IJ),Doctorado,gcjNnGEAAAAJ,0000-0002-0872-7840,5.0,21,0,37,6,2,0
0096,007,VIVIANA RACERO LOPEZ,Integrante,4,2024-10-1,Actual,https://scienti.minciencias.gov.co/cvlac/visualizador/generarCurriculoCv.do?cod_rh=0000626180,,Sin clasificar,Maestría/Magister,,,,2,0,9,1,0,0
0097,007,ZONAIKA MAIRA POSADA LOPEZ,Integrante,0,2020-1-1,Actual,https://scienti.minciencias.gov.co/cvlac/visualizador/generarCurriculoCv.do?cod_rh=0000048707,,Investigador Asociado (I),Maestría/Magister,SzdJEXEAAAAJ,0000-0002-6479-0852,1.0,10,0,51,5,1,0
0098,008,KATY LUZ MILLAN OTERO,Integrante,20,2016-7-1,Actual,https://scienti.minciencias.gov.co/cvlac/visualizador/generarCurriculoCv.do?cod_rh=0000107163,,Investigador Asociado (I),Doctorado,C9ZdWuEAAAAJ,0000-0003-0328-4259,4.0,19,0,81,8,1,2
0099,008,NICOLASA MARIA DURAN PALACIO,Integrante,10,2013-6-1,Actual,https://scienti.minciencias.gov.co/cvlac/visualizador/generarCurriculoCv.do?cod_rh=0000328774,,Investigador Senior (IS),Doctorado,ULpZsLAAAAAJ,0000-0001-5492-6931,9.0,42,0,68,12,1,0
0100,008,HEIDI SMITH PULIDO VARON,Integrante,5,2015-10-1,Actual,https://scienti.minciencias.gov.co/cvlac/visualizador/generarCurriculoCv.do?cod_rh=0001455249,,Investigador Asociado (I),Maestría/Magister,5ZIDAcEAAAAJ,0000-0001-8198-0896,2.0,12,0,63,6,1,0
0101,008,JOHN JAIRO GARCIA PENA,Integrante,6,2012-1-1,Actual,https://scienti.minciencias.gov.co/cvlac/visualizador/generarCurriculoCv.do?cod_rh=0001346821,,Investigador Senior (IS),Maestría/Magister,iXbqjRQAAAAJ,0000-0001-8390-5945,9.0,28,0,57,1,5,44
0102,008,MAGDA VICTORIA DIAZ ALZATE,Integrante,10,2015-5-1,Actual,https://scienti.minciencias.gov.co/cvlac/visualizador/generarCurriculoCv.do?cod_rh=0000007210,,Investigador Asociado (I),Doctorado,GsRFkT8AAAAJ,0000-0002-7712-8462,6.0,22,0,63,5,1,0
0103,008,MARIA CRISTINA CORREA DUQUE,Integrante,9,2017-2-1,Actual,https://scienti.minciencias.gov.co/cvlac/visualizador/generarCurriculoCv.do?cod_rh=0001632953,,Investigador Asociado (I),Maestría/Magister,SosfQ4QAAAAJ,0000-0002-0547-4315,5.0,9,0,9,3,0,0
0104,008,TOMAS JAIME QUEVEDO ZAPATA,Integrante,5,2026-5-1,Actual,https://scienti.minciencias.gov.co/cvlac/visualizador/generarCurriculoCv.do?cod_rh=0001543970,,Sin clasificar,Maestría/Magister,,,,2,0,5,0,0,0
0105,008,ANGELA MARITZA CARDONA CARDONA,Integrante,10,2022-1-1,Actual,https://scienti.minciencias.gov.co/cvlac/visualizador/generarCurriculoCv.do?cod_rh=0001650697,,Sin clasificar,Maestría/Magister,,,,3,0,0,1,0,0
0106,009,HUBER YECID CASTRO ESCOBAR,Integrante,20,2014-8-1,Actual,https://scienti.minciencias.gov.co/cvlac/visualizador/generarCurriculoCv.do?cod_rh=0000525693,,Investigador Junior (IJ),Doctorado,3zkoft0AAAAJ,0000-0002-8714-2487,4.0,5,0,16,1,0,0
0107,009,VICTOR TERAN REALES,Integrante,15,1996-3-1,Actual,https://scienti.minciencias.gov.co/cvlac/visualizador/generarCurriculoCv.do?cod_rh=0000489573,,Investigador Junior (IJ),Doctorado,kyNzB50AAAAJ,0000-0003-1065-115X,8.0,23,0,113,13,19,0
0108,009,ANGELICA MARIA OCHOA DIAZ,Integrante,4,2025-6-1,Actual,https://scienti.minciencias.gov.co/cvlac/visualizador/generarCurriculoCv.do?cod_rh=0001750585,,Investigador Junior (IJ),Doctorado,,,,5,0,8,5,1,0
0109,009,ARGEMIRO JOSE AMAYA BUELVAS,Integrante,10,2015-5-1,Actual,https://scienti.minciencias.gov.co/cvlac/visualizador/generarCurriculoCv.do?cod_rh=0001294644,,Sin clasificar,Doctorado,FmH8nIkAAAAJ,0000-0002-3656-4639,1.0,4,0,28,0,2,0
0110,009,ESTELIO JOSE ANGULO,Integrante,20,2015-1-1,Actual,https://scienti.minciencias.gov.co/cvlac/visualizador/generarCurriculoCv.do?cod_rh=0001629460,,Investigador Junior (IJ),Doctorado,Cw9U7VIAAAAJ,0000-0002-5941-2355,9.0,13,0,72,14,2,0
0111,009,FIDENCIO RAFAEL SUAREZ VARGAS,Integrante,5,2022-1-1,Actual,https://scienti.minciencias.gov.co/cvlac/visualizador/generarCurriculoCv.do?cod_rh=0001555797,,Sin clasificar,Maestría/Magister,,,,3,0,23,0,0,0
0112,009,LIVIA DIAZ GONZALEZ,Integrante,10,2015-3-1,Actual,https://scienti.minciencias.gov.co/cvlac/visualizador/generarCurriculoCv.do?cod_rh=0000945765,,Sin clasificar,Doctorado,fGxlmTQAAAAJ,0000-0002-2045-4443,1.0,7,0,44,0,2,0
0113,009,PAULJAVIER BEDOYA PASTRANA,Integrante,10,2016-6-1,Actual,https://scienti.minciencias.gov.co/cvlac/visualizador/generarCurriculoCv.do?cod_rh=0001616270,,Sin clasificar,Maestría/Magister,,0000-0001-6106-5914,,1,0,31,3,1,0
0114,009,MARIA CLAUDIA DIAZ SOTOMAYOR,Integrante,4,2020-1-1,Actual,https://scienti.minciencias.gov.co/cvlac/visualizador/generarCurriculoCv.do?cod_rh=0001445228,,Sin clasificar,Maestría/Magister,,0000-0002-2965-5233,,0,0,15,0,0,0
0115,010,GERMAN ANDRES TORRES ESCOBAR,Integrante,5,2017-7-1,Actual,https://scienti.minciencias.gov.co/cvlac/visualizador/generarCurriculoCv.do?cod_rh=0000127713,,Sin clasificar,Maestría/Magister,3j_z_VMAAAAJ,0000-0001-6417-8850,5.0,12,0,10,3,1,0
0116,010,BENILDA LAYNE BERNAL,Integrante,10,2008-9-1,Actual,https://scienti.minciencias.gov.co/cvlac/visualizador/generarCurriculoCv.do?cod_rh=0000551988,,Sin clasificar,Maestría/Magister,c1XCBZ0AAAAJ,0000-0002-2039-1497,2.0,4,0,84,3,2,0
0117,010,LAURA STELLA PARRA ESPITIA,Integrante,10,2016-2-1,Actual,https://scienti.minciencias.gov.co/cvlac/visualizador/generarCurriculoCv.do?cod_rh=0001471845,,Sin clasificar,Doctorado,,0000-0002-4708-9781,,6,0,33,2,1,0
0118,011,DUBIS MARCELA RINCON BARRETO,Integrante,6,2018-1-1,Actual,https://scienti.minciencias.gov.co/cvlac/visualizador/generarCurriculoCv.do?cod_rh=0000991864,,Investigador Junior (IJ),Doctorado,eHauI0IAAAAJ,0000-0002-8322-889X,3.0,26,0,37,5,2,0
0119,011,SANDRA MILENA RESTREPO ESCOBAR,Integrante,6,2012-9-1,Actual,https://scienti.minciencias.gov.co/cvlac/visualizador/generarCurriculoCv.do?cod_rh=0001443659,,Investigador Asociado (I),Doctorado,xCRCMooAAAAJ,0000-0002-1459-858X,8.0,16,0,13,13,3,0
0120,011,DAVID IGNACIO MOLINA VELASQUEZ,Integrante,2,2020-1-1,Actual,https://scienti.minciencias.gov.co/cvlac/visualizador/generarCurriculoCv.do?cod_rh=0000985201,,Investigador Junior (IJ),Maestría/Magister,r1I0YJYAAAAJ,0000-0002-8252-7943,4.0,12,0,6,2,2,33
0121,011,ELIZA KRATC GIL,Integrante,5,2018-2-1,Actual,https://scienti.minciencias.gov.co/cvlac/visualizador/generarCurriculoCv.do?cod_rh=0000068433,,Investigador Junior (IJ),Maestría/Magister,I8eYYScAAAAJ,0000-0001-9916-2883,1.0,1,1,9,0,2,38
0122,011,GLORIA CECILIA CARDONA RIOS,Integrante,5,2018-2-1,Actual,https://scienti.minciencias.gov.co/cvlac/visualizador/generarCurriculoCv.do?cod_rh=0001677974,,Investigador Junior (IJ),Maestría/Magister,iR3xAfEAAAAJ,0000-0002-0855-7394,1.0,1,0,0,0,2,56
0123,011,GUILLERMO ALONSO CASTANO PEREZ,Integrante,4,1999-12-1,Actual,https://scienti.minciencias.gov.co/cvlac/visualizador/generarCurriculoCv.do?cod_rh=0000052825,,Investigador Senior (IS),Doctorado,,,,58,1,99,44,15,0
0124,011,JORGE ANDRES JIMENEZ RODAS,Integrante,6,2021-7-1,Actual,https://scienti.minciencias.gov.co/cvlac/visualizador/generarCurriculoCv.do?cod_rh=0000030101,,Investigador Junior (IJ),Doctorado,rHqsY2MAAAAJ,0000-0002-0330-3512,2.0,7,0,8,4,1,0
0125,011,JUAN PABLO MENJURA ACOSTA,Integrante,0,2024-1-1,Actual,https://scienti.minciencias.gov.co/cvlac/visualizador/generarCurriculoCv.do?cod_rh=0001799638,,Sin clasificar,Maestría/Magister,,,,1,0,14,0,0,0
0126,011,JUAN SEBASTIAN MARIN RODRIGUEZ,Integrante,0,2020-6-1,Actual,https://scienti.minciencias.gov.co/cvlac/visualizador/generarCurriculoCv.do?cod_rh=0001638637,,Sin clasificar,Doctorado,p9d3FiQAAAAJ,0000-0002-1598-8088,2.0,2,0,36,2,0,0
0127,011,LEIDYS HELENA RIVERA QUIROZ,Integrante,0,2024-1-1,Actual,https://scienti.minciencias.gov.co/cvlac/visualizador/generarCurriculoCv.do?cod_rh=0000123946,,Sin clasificar,Doctorado,,,,6,0,19,5,2,0
0128,011,LUISA FERNANDA CORREA PEREZ,Integrante,4,2019-7-1,Actual,https://scienti.minciencias.gov.co/cvlac/visualizador/generarCurriculoCv.do?cod_rh=0000000418,,Investigador Junior (IJ),Maestría/Magister,WBFa-qkAAAAJ,0000-0001-5053-691X,2.0,10,0,5,4,0,0
0129,011,MANUEL EDUARDO LOPEZ GARCIA,Integrante,5,2023-1-1,Actual,https://scienti.minciencias.gov.co/cvlac/visualizador/generarCurriculoCv.do?cod_rh=0001636863,,Sin clasificar,Maestría/Magister,,,,7,0,48,2,3,0
0130,011,MARIA VICTORIA RESTREPO TOBON,Integrante,5,2019-1-1,Actual,https://scienti.minciencias.gov.co/cvlac/visualizador/generarCurriculoCv.do?cod_rh=0000011235,,Investigador Asociado (I),Doctorado,--wUpK0AAAAJ,0000-0002-8904-7627,1.0,5,0,60,1,2,43
0131,011,OLGA LUCILA GUARIN BECERRA,Integrante,0,2022-7-1,Actual,https://scienti.minciencias.gov.co/cvlac/visualizador/generarCurriculoCv.do?cod_rh=0000031791,,Sin clasificar,Maestría/Magister,,,,2,0,19,1,0,0
0132,011,ALEXANDER RODRIGUEZ BUSTAMANTE,Integrante,4,2019-1-1,Actual,https://scienti.minciencias.gov.co/cvlac/visualizador/generarCurriculoCv.do?cod_rh=0001325256,,Investigador Asociado (I),Doctorado,F2CwSh0AAAAJ,0000-0001-6478-1414,13.0,26,0,72,12,4,0
0133,012,CARLOS MARIO BERRIO MENESES,Integrante,8,2023-1-1,Actual,https://scienti.minciencias.gov.co/cvlac/visualizador/generarCurriculoCv.do?cod_rh=0001237160,,Investigador Junior (IJ),Doctorado,,,,15,0,21,8,0,0
0134,012,ALEJANDRO ALZATE GIRALDO,Integrante,4,2020-6-1,Actual,https://scienti.minciencias.gov.co/cvlac/visualizador/generarCurriculoCv.do?cod_rh=0001540264,,Investigador Asociado (I),Doctorado,nix51ikAAAAJ,0000-0002-1634-9982,2.0,10,0,15,10,3,1
0135,012,ANDRES NARANJO ORTIZ,Integrante,4,2024-1-1,Actual,https://scienti.minciencias.gov.co/cvlac/visualizador/generarCurriculoCv.do?cod_rh=0000182938,,Sin clasificar,Maestría/Magister,,,,0,0,0,0,1,0
0136,012,CARLOS SUAREZ QUICENO,Integrante,11,2008-2-1,Actual,https://scienti.minciencias.gov.co/cvlac/visualizador/generarCurriculoCv.do?cod_rh=0000485446,,Investigador Junior (IJ),Doctorado,1ATgz8UAAAAJ,0000-0002-3578-9174,,5,9,14,3,4,0
0137,012,DAVID RICARDO CHAPARRO VILLA,Integrante,4,2025-2-1,Actual,https://scienti.minciencias.gov.co/cvlac/visualizador/generarCurriculoCv.do?cod_rh=0000168245,,Sin clasificar,Maestría/Magister,,,,1,0,0,1,0,0
0138,012,DEYBIS ZAPATA CORREA,Integrante,3,2022-5-1,Actual,https://scienti.minciencias.gov.co/cvlac/visualizador/generarCurriculoCv.do?cod_rh=0001398071,,Sin clasificar,Doctorado,,,,3,0,11,1,2,0
0139,012,JHON ESTEBAN MORALES QUINTERO,Integrante,4,2023-1-1,Actual,https://scienti.minciencias.gov.co/cvlac/visualizador/generarCurriculoCv.do?cod_rh=0000028821,,Sin clasificar,Maestría/Magister,,,,2,0,0,0,0,0
0140,012,JHONNY ALEJANDRO AGUDELO CALLE,Integrante,0,2024-1-1,Actual,https://scienti.minciencias.gov.co/cvlac/visualizador/generarCurriculoCv.do?cod_rh=0001361282,,Sin clasificar,Doctorado,,,,7,0,41,2,1,0
0141,012,JIMENA ISAZA ALVAREZ,Integrante,8,2019-1-1,Actual,https://scienti.minciencias.gov.co/cvlac/visualizador/generarCurriculoCv.do?cod_rh=0000087315,,Sin clasificar,Maestría/Magister,wsWdXY8AAAAJ,0000-0001-5867-4487,1.0,1,0,12,0,1,0
0142,012,JOHANA BARRENECHE CORRALES,Integrante,0,2025-1-1,Actual,https://scienti.minciencias.gov.co/cvlac/visualizador/generarCurriculoCv.do?cod_rh=0001560138,,Sin clasificar,Doctorado,,,,4,0,4,5,2,0
0143,012,JORGE ANDRES RICO ZAPATA,Integrante,10,2022-1-1,Actual,https://scienti.minciencias.gov.co/cvlac/visualizador/generarCurriculoCv.do?cod_rh=0001638358,,Sin clasificar,Doctorado,,,,2,0,24,6,1,0
0144,012,JUAN ESTEBAN OCAMPO RENDON,Integrante,8,2024-1-1,Actual,https://scienti.minciencias.gov.co/cvlac/visualizador/generarCurriculoCv.do?cod_rh=0001686766,,Sin clasificar,Maestría/Magister,,,,0,0,2,0,0,1
0145,012,JUAN ESTEBAN RODRIGUEZ GOMEZ,Integrante,8,2025-6-1,Actual,https://scienti.minciencias.gov.co/cvlac/visualizador/generarCurriculoCv.do?cod_rh=0000803081,,Sin clasificar,Doctorado,,,,3,0,5,2,1,0
0146,012,JUAN SEBASTIAN OSPINA ALVAREZ,Integrante,4,2024-7-1,Actual,https://scienti.minciencias.gov.co/cvlac/visualizador/generarCurriculoCv.do?cod_rh=0001348057,,Investigador Junior (IJ),Doctorado,,,,9,5,7,6,4,0
0147,012,LINA MARIA RENDON LOPEZ,Integrante,10,2020-2-1,Actual,https://scienti.minciencias.gov.co/cvlac/visualizador/generarCurriculoCv.do?cod_rh=0001376578,,Sin clasificar,Doctorado,6uKvLyYAAAAJ,0000-0003-1721-0613,7.0,10,0,24,2,2,0
0148,012,MARCOS VEGA SENA,Integrante,6,2017-2-1,Actual,https://scienti.minciencias.gov.co/cvlac/visualizador/generarCurriculoCv.do?cod_rh=0000630233,,Sin clasificar,Doctorado,2kNZL8MAAAAJ,0000-0002-1828-5388,2.0,3,0,4,10,4,0
0149,012,PAULA ANDREA ECHEVERRY CHALARCA,Integrante,4,2025-1-1,Actual,https://scienti.minciencias.gov.co/cvlac/visualizador/generarCurriculoCv.do?cod_rh=0001875589,,Sin clasificar,CvLAC oculto,,,,0,0,0,0,0,0
0150,012,VIVIANA MORENO VILLEGAS,Integrante,4,2023-1-1,Actual,https://scienti.minciencias.gov.co/cvlac/visualizador/generarCurriculoCv.do?cod_rh=0000182017,,Sin clasificar,Maestría/Magister,,,,1,0,0,0,0,0
0151,012,WILMAR DANIEL GOMEZ MONSALVE,Integrante,4,2022-1-1,Actual,https://scienti.minciencias.gov.co/cvlac/visualizador/generarCurriculoCv.do?cod_rh=0000072491,,Sin clasificar,Doctorado,,,,8,0,46,0,0,0
0152,012,MANUEL JAVIER CASTRILLON MEDINA,Integrante,8,2023-1-1,Actual,https://scienti.minciencias.gov.co/cvlac/visualizador/generarCurriculoCv.do?cod_rh=0001423145,,Sin clasificar,Maestría/Magister,,,,4,0,18,1,1,0
0153,013,DAVID ESTEBAN ZULUAGA MESA,Integrante,15,2006-2-1,Actual,https://scienti.minciencias.gov.co/cvlac/visualizador/generarCurriculoCv.do?cod_rh=0000904473,,Investigador Junior (IJ),Doctorado,09VhuCYAAAAJ,0000-0002-8975-5957,2.0,24,0,20,5,3,0
0154,013,ANDRES ALFREDO CASTRILLON CASTRILLON,Integrante,5,2013-2-1,Actual,https://scienti.minciencias.gov.co/cvlac/visualizador/generarCurriculoCv.do?cod_rh=0001010859,,Investigador Junior (IJ),Maestría/Magister,9OSinr4AAAAJ,0000-0002-5136-9997,3.0,17,0,19,1,1,0
0155,013,DAVID OSWALDO ZAPATA TAMAYO,Integrante,6,2021-1-1,Actual,https://scienti.minciencias.gov.co/cvlac/visualizador/generarCurriculoCv.do?cod_rh=0001631947,,Sin clasificar,Doctorado,,,,1,0,68,1,0,0
0156,013,DIANA MARJORI MEJIA BUITRAGO,Integrante,5,2025-2-1,Actual,https://scienti.minciencias.gov.co/cvlac/visualizador/generarCurriculoCv.do?cod_rh=0001404413,,Sin clasificar,Doctorado,,,,2,0,7,0,0,0
0157,013,JUAN SEBASTIAN HERNANDEZ VALENCIA,Integrante,10,2018-1-1,Actual,https://scienti.minciencias.gov.co/cvlac/visualizador/generarCurriculoCv.do?cod_rh=0001592411,,Investigador Asociado (I),Doctorado,PnU--c8AAAAJ,0000-0002-9567-4205,2.0,12,0,26,4,1,0
0158,013,MANUEL DAVID GOMEZ ERAZO,Integrante,12,2018-1-1,Actual,https://scienti.minciencias.gov.co/cvlac/visualizador/generarCurriculoCv.do?cod_rh=0000070095,,Sin clasificar,Doctorado,ZN11BuUAAAAJ,0000-0002-7879-8345,,6,0,24,3,1,0
0159,013,NATALIA ANDREA ALZATE ALZATE,Integrante,5,2022-9-1,Actual,https://scienti.minciencias.gov.co/cvlac/visualizador/generarCurriculoCv.do?cod_rh=0000964875,,Investigador Asociado (I),Doctorado,pkwJo1gAAAAJ,0000-0001-8047-9709,2.0,20,0,8,5,3,0
0160,013,CAROLINA ECHAVARRIA OSORIO,Integrante,4,2024-1-1,Actual,https://scienti.minciencias.gov.co/cvlac/visualizador/generarCurriculoCv.do?cod_rh=0000187298,,Sin clasificar,Doctorado,,,,1,0,7,0,0,0
0161,013,JUAN ESTEBAN LONDONO BETANCUR,Integrante,15,2022-1-1,Actual,https://scienti.minciencias.gov.co/cvlac/visualizador/generarCurriculoCv.do?cod_rh=0001681125,,Investigador Junior (IJ),Doctorado,kmGAVz0AAAAJ,0000-0002-2814-6381,4.0,16,0,8,3,5,0
0162,013,PALOMA MARIN ESCOBAR,Integrante,4,2023-1-1,Actual,https://scienti.minciencias.gov.co/cvlac/visualizador/generarCurriculoCv.do?cod_rh=0001510508,,Sin clasificar,Doctorado,sRuFPZsAAAAJ,0000-0001-6154-0797,,1,0,0,2,0,0
0163,013,SANTIAGO RUIZ IDARRAGA,Integrante,6,2024-2-1,Actual,https://scienti.minciencias.gov.co/cvlac/visualizador/generarCurriculoCv.do?cod_rh=0001517291,,Sin clasificar,Maestría/Magister,,,,2,0,13,1,0,0
0164,014,CANDY LORENA CHAMORRO GONZALEZ,Integrante,6,2019-2-1,Actual,https://scienti.minciencias.gov.co/cvlac/visualizador/generarCurriculoCv.do?cod_rh=0000087869,,Investigador Asociado (I),Maestría/Magister,vOpE5gUAAAAJ,0000-0001-7332-8566,8.0,44,0,50,9,1,1
0165,014,MARIA VICTORIA AGUDELO VARGAS,Integrante,2,2012-1-1,Actual,https://scienti.minciencias.gov.co/cvlac/visualizador/generarCurriculoCv.do?cod_rh=0000574961,,Investigador Asociado (I),Doctorado,,0000-0001-7224-0271,,14,0,2,5,0,4
0166,014,EDUARD LEON GARCIA RAMIREZ,Integrante,0,2023-8-1,Actual,https://scienti.minciencias.gov.co/cvlac/visualizador/generarCurriculoCv.do?cod_rh=0001920735,,Sin clasificar,Doctorado,,,,1,0,9,0,0,0
0167,014,FARLEY SARY ROJAS RESTREPO,Integrante,4,2016-5-1,Actual,https://scienti.minciencias.gov.co/cvlac/visualizador/generarCurriculoCv.do?cod_rh=0000009209,,Investigador Asociado (I),Doctorado,Q0JvK8cAAAAJ,0000-0003-0328-5286,8.0,23,0,47,5,1,3
0168,014,GABRIEL ALFONSO PACHECO MARTINEZ,Integrante,0,2023-8-1,Actual,https://scienti.minciencias.gov.co/cvlac/visualizador/generarCurriculoCv.do?cod_rh=0000026329,,Investigador Senior (IS),Doctorado,,,,9,0,102,20,4,13
0169,014,JACKELINE MARIA GUERRA GOMEZ,Integrante,0,2023-2-1,Actual,https://scienti.minciencias.gov.co/cvlac/visualizador/generarCurriculoCv.do?cod_rh=0000147456,,Sin clasificar,Doctorado,,,,4,0,60,1,1,0
0170,014,LEIDY PATRICIA RODRIGUEZ PINEROS,Integrante,2,2020-6-1,Actual,https://scienti.minciencias.gov.co/cvlac/visualizador/generarCurriculoCv.do?cod_rh=0001836432,,Investigador Junior (IJ),Especialización,Uqwkgp0AAAAJ,0000-0002-8313-6100,,5,0,4,0,0,1
0171,014,LINA MARCELA CORREDOR RAMIREZ,Integrante,6,2024-9-1,Actual,https://scienti.minciencias.gov.co/cvlac/visualizador/generarCurriculoCv.do?cod_rh=0000824380,,Sin clasificar,Maestría/Magister,,,,1,0,10,1,0,1
0172,014,LUIS CARLOS QUINTERO BOTERO,Integrante,2,2024-11-1,Actual,https://scienti.minciencias.gov.co/cvlac/visualizador/generarCurriculoCv.do?cod_rh=0001991251,,Sin clasificar,Maestría/Magister,,,,0,0,10,0,0,0
0173,014,LUZ MERY ORTIZ SANCHEZ,Integrante,0,2019-1-1,Actual,https://scienti.minciencias.gov.co/cvlac/visualizador/generarCurriculoCv.do?cod_rh=0001322788,,Sin clasificar,Maestría/Magister,7s5uAroAAAAJ,0000-0003-4037-494X,3.0,5,0,17,0,0,0
0174,014,OLGA PATRICIA VASQUEZ MONTOYA,Integrante,2,2015-2-1,Actual,https://scienti.minciencias.gov.co/cvlac/visualizador/generarCurriculoCv.do?cod_rh=0001409276,,Investigador Junior (IJ),Maestría/Magister,soYEWBoAAAAJ,0000-0001-5690-4963,1.0,3,0,28,2,1,1
0175,014,ORLANDO CARMELO CASTELLANOS POLO,Integrante,6,2024-11-1,Actual,https://scienti.minciencias.gov.co/cvlac/visualizador/generarCurriculoCv.do?cod_rh=0001627730,,Investigador Asociado (I),Doctorado,,,,58,0,83,27,0,4
0176,014,RICARDO ZULUAGA BOTERO,Integrante,4,2024-1-1,Actual,https://scienti.minciencias.gov.co/cvlac/visualizador/generarCurriculoCv.do?cod_rh=0002200375,,Sin clasificar,Especialización,,,,0,0,0,0,0,0
0177,014,RUBY STELLA CABRERA JARAMILLO,Integrante,4,2019-2-1,Actual,https://scienti.minciencias.gov.co/cvlac/visualizador/generarCurriculoCv.do?cod_rh=0001580615,,Investigador Junior (IJ),Doctorado,_Swwv5oAAAAJ,0000-0003-4505-382X,3.0,9,0,27,4,0,4
0178,014,SOL BEATRIZ VELEZ ESCOBAR,Integrante,8,2020-6-1,Actual,https://scienti.minciencias.gov.co/cvlac/visualizador/generarCurriculoCv.do?cod_rh=0001530033,,Investigador Asociado (I),Maestría/Magister,XX68ncgAAAAJ,0000-0002-4146-6435,1.0,19,0,14,5,1,0
