id,id_grupo,categoria,info_9,tipo_producto,titulo,pais,ano,autores,tipologia
00001,001,Libros publicados,,Libro resultado de investigación,Estrategias de mediación tecnológica para promover el aprendizaje autónomo de los estudiantes universitarios,Colombia,2019,MARIO ALEJANDRO LOPEZ OCAMPO,1
00002,001,Libros publicados,,Libro resultado de investigación,Ecuaciones Lineal Y Cuadrática,Colombia,2012,GABRIEL JAIME POSADA HERNANDEZ,1
00003,001,Libros publicados,,Libro resultado de investigación,Ecuaciones Lineal Y Cuadrática,Colombia,2012,GABRIEL JAIME POSADA HERNANDEZ,1
00004,001,Libros publicados,,Libro resultado de investigación,Potenciación Y Radicación,Colombia,2012,MAURICIO LOPEZ BONILLA,1
00005,002,Libros publicados,,Libro resultado de investigación,Cátedra de la paz desde una perspectiva feminista. Herramientas para un pregrado en derecho,Colombia,2024,ELVIGIA CARDONA ZULETA,1
00006,002,Libros publicados,,Libro resultado de investigación,Estrategias de intervención y posvencion del comportamiento suicida,Colombia,2022,"ANGEL AUGUSTO VIZCAYA CASTILLO, GLORIA CECILIA CARDONA RIOS, OMAR AUGUSTO AMADOR SANCHEZ, ELIZA KRATC GIL, MARCOS FIDEL VEGA SENA, SANDRA ISABEL MEJIA ZAPATA, JOHN JAIRO GARCIA PENA, JHOEEN SNEYDER ROJAS DIAZ, DAVID IGNACIO MOLINA VELASQUEZ, MARIA VICTORIA RESTREPO TOBON",1
00007,002,Libros publicados,,Libro resultado de investigación,"EXPEDICIÓN PACÍFICA: TERRITORIALIZANDO LA PAZ: UNA EXPERIENCIA DE INVESTIGACIÓN-ACCIÓN-CREACIÓN EN PERSPECTIVA PERFORMATIVA CREATIVA CON NIÑOS, NIÑAS, JÓVENES Y A: TERRITORIALIZANDO LA PAZ",Colombia,2022,"ROBERTO MAURICIO ROMERO CARDENAS, VICTOR HUGO OCHOA GOMEZ, PAOLA ANDREA TORO TORO",1
00008,002,Libros publicados,,Libro resultado de investigación,"Formación con perspectiva de género, una tarea pendiente. El caso de los asuntos de alimentos tramitados por el Consultorio Jurídico de la Universidad de Antioquia, Medellín",Colombia,2021,ELVIGIA CARDONA ZULETA,1
00009,002,Libros publicados,,Libro resultado de investigación,El desplazamiento forzado en las sentencias de la Corte Interamericana de Derechos Humanos,Ecuador,2021,"JUAN ESTEBAN AGUIRRE ESPINOSA, FABIO ANDRES URIBE PALACIO",1
00010,002,Libros publicados,,Libro resultado de investigación,"Feminicidio. Poder, desigualdad, subordinación e impunidad: no más invisibilidad",Colombia,2017,RODRIGO ORLANDO OSORIO MONTOYA,1
00011,002,Libros publicados,,Libro resultado de investigación,Los Partidos Políticos En La Constitución De 1991,Colombia,2015,PAULO BERNARDO ARBOLEDA RAMIREZ,1
00012,002,Libros publicados,,Libro resultado de investigación,Derecho Penal Internacional. Nociones,Colombia,2015,RODRIGO ORLANDO OSORIO MONTOYA,1
00013,002,Libros publicados,,Libro resultado de investigación,Ambiente Sano Y Vivienda Digna ¿Derechos Confrontados En Medellín?,Colombia,2012,"JORGE EDUARDO VASQUEZ SANTAMARIA, MARIA VICTORIA SANTANA LONDONO",1
00014,002,Libros publicados,,Libro resultado de investigación,Aplicabilidad De Las Disposiciones Normativas Del Derecho Urbano En Relación Con El Espacio Y El Territorio En Colombia 2000 - 2007,Colombia,2011,JORGE EDUARDO VASQUEZ SANTAMARIA,1
00015,002,Libros publicados,,Libro resultado de investigación,Memorias I Foro Internacional Derecho E Interés Público,Colombia,2009,"JORGE EDUARDO VASQUEZ SANTAMARIA, ANA MARIA MESA ELNESER, LUCAS CORREA MONTOYA, ACENETH SERNA RAMIREZ, FRANCISCO JAVIER VASQUEZ VASQUEZ, MARIO ALFONSO ALVAREZ MONTOYA",1
00016,003,Libros publicados,,Libro resultado de investigación,Validación de un instrumento para la medición de la sostenibilidad empresarial en pequeñas y medianas empresas,Colombia,2022,"UBEIMAR AURELIO OSORIO ATEHORTUA, JORMARIS MARTINEZ GOMEZ, LUIS FERNANDO QUINTERO ARANGO, MONICA ELIANA ARISTIZABAL VELASQUEZ, CLEMENT LAMY",1
00017,003,Libros publicados,,Libro resultado de investigación,Factores para el diseño de políticas de salario emocional,Colombia,2021,"LUIS FERNANDO QUINTERO ARANGO, JUAN DIEGO BETANCUR ARIAS",1
00018,003,Libros publicados,,Libro resultado de investigación,EL SUICIDIO.UNA MIRADA INTEGRAL E INTEGRADORA,Colombia,2020,"DIEGO LEON CARVAJAL SERNA, ELIZA KRATC GIL, SANDRA ISABEL MEJIA ZAPATA, JHOEEN SNEYDER ROJAS DIAZ, DAVID IGNACIO MOLINA VELASQUEZ, ANA LUCIA CEBALLOS DUQUE, OMAR AUGUSTO AMADOR SANCHEZ, MARIA VICTORIA RESTREPO TOBON, ANGEL AUGUSTO VIZCAYA CASTILLO, MARCOS FIDEL VEGA SENA, JOHN JAIRO GARCIA PENA, GLORIA CECILIA CARDONA RIOS",1
00019,003,Libros publicados,,Libro resultado de investigación,Fundamentación de un Modelo de Gestión del Conocimiento para la Universidad Católica Luis Amigó,Colombia,2018,"JOSE ANTONIO LOPEZ GIRALDO, JAIME ALBERTO BELTRAN RIOS",1
00020,003,Libros publicados,,Libro resultado de investigación,Utilidad de la Aplicación de la Gerencia del Valor en las Empresas Sociales del Estado (E.S.E.) del Área Metropolitana de Medellín: Caso Hospital Venancio Díaz Díaz y Hospital Marco Fidel Suárez,Colombia,2017,"JORGE IVAN JIMENEZ SANCHEZ, FARLEY SARY ROJAS RESTREPO, DIEGO ALEJANDRO RAMIREZ TAPIAS",1
00021,003,Libros publicados,,Libro resultado de investigación,Organización Y Conocimiento,Colombia,2011,CARLOS ANDRES ARISTIZABAL BOTERO,1
00022,003,Libros publicados,,Libro resultado de investigación,"Organización y Conocimiento, Editorial FUNLAM. Año 2011 ¿ ISBN 978-958-8399-45-4",Colombia,2011,"MARIO LEON RESTREPO MUNERA, CARLOS ANDRES ARISTIZABAL BOTERO, CARLOS MARIO DURANGO YEPES, JOSE ENRIQUE ARIAS PEREZ",1
00023,003,Libros publicados,,Libro resultado de investigación,El mercadeo social una mirada actual en empresas de servicios de la ciudad de medellín,Colombia,2009,MARIO LEON RESTREPO MUNERA,1
00024,003,Libros publicados,,Libro resultado de investigación,El mercadeo social una mirada actual en empresas de servicios de la ciudad de medellín,Colombia,2009,"MARIO LEON RESTREPO MUNERA, CARLOS ANDRES ARISTIZABAL BOTERO, JOSE ENRIQUE ARIAS PEREZ",1
00025,003,Libros publicados,,Libro resultado de investigación,El mercadeo social una mirada actual en empresas de servicios de la ciudad de medellín,Colombia,2009,"CARLOS ANDRES ARISTIZABAL BOTERO, JOSE ENRIQUE ARIAS PEREZ, MARIO LEON RESTREPO",1
00026,003,Libros publicados,,Libro resultado de investigación,"Responsabilidad Social, Retos Y Perspectivas",Colombia,2008,"CARLOS ANDRES ARISTIZABAL BOTERO, MARIO LEON RESTREPO MUNERA",1
00027,003,Libros publicados,,Libro resultado de investigación,Responsabilidad Social Y Balance Social En Organizaciones Colombianas,Colombia,2008,"YOMAR JAVIER SANCHEZ CAICEDO, YAQUELINE ROMAN CASTANO, JUAN GUILLERMO CORREA JARAMILLO, OSCAR MAURICIO OLARTE MEJIA",1
00028,003,Libros publicados,,Libro resultado de investigación,Articulacion De La Media Tecnica Con La Educacion Superior Modelo Tecnico Pedagogico,Colombia,2005,"CARLOS ANDRES ARISTIZABAL BOTERO, JOHN HARVEY, MARIA EDILMA SILVA MAYA, RAMIRO ANTONIO GIRALDO ESCOBAR, FABIO ALBERTO VARGAS AGUDELO, TERESA LUNA RAMIREZ, GERMAN SANCHEZ GUTIERREZ",1
00029,004,Libros publicados,,Libro resultado de investigación,Objetivos de Desarrollo Sostenible y buenas prácticas de Economía Solidaria en el Oriente Antioqueño,Colombia,2021,"MARTHA DEL SOCORRO ALZATE CARDENAS, OLGA LUCIA ARBOLEDA ALVAREZ, OSWALDO ANTONIO SALGADO CANAVERAL",1
00030,004,Libros publicados,,Libro resultado de investigación,"Paz, reforma rural integral y potencial del cooperativismo en Colombia: una mirada desde la academia",Colombia,2020,"MARTHA DEL SOCORRO ALZATE CARDENAS, HERNANDO EMILIO ZABALA SALAZAR, OLGA LUCIA ARBOLEDA ALVAREZ, CAROLINA RINCON ZAPATA, ALBA LUCIA RESTREPO RUIZ",1
00031,004,Libros publicados,,Libro resultado de investigación,"Paz, reforma rural integral y potencial del cooperativismo en Colombia. Una mirada desde la academia",Colombia,2020,"HERNANDO EMILIO ZABALA SALAZAR, OLGA LUCIA ARBOLEDA ALVAREZ, MARTHA DEL SOCORRO ALZATE CARDENAS, CAROLINA RINCON ZAPATA, ALBA LUCIA RESTREPO RUIZ",1
00032,004,Libros publicados,,Libro resultado de investigación,Una década de economía social y solidaria en Colombia. Análisis de la producción investigativa y académica 2005-2015,Colombia,2018,"HERNANDO EMILIO ZABALA SALAZAR, OLGA LUCIA ARBOLEDA ALVAREZ, EDUARDO NICOLAS CUETO FUENTES",1
00033,004,Libros publicados,,Libro resultado de investigación,Panorama de políticas públicas para la economía social y solidaria en Medellín con relación a la experiencia de otros países de Europa y América Latina,Colombia,2018,"HERNANDO EMILIO ZABALA SALAZAR, EDUARDO NICOLAS CUETO FUENTES, MARTHA DEL SOCORRO ALZATE CARDENAS",1
00034,004,Libros publicados,,Libro resultado de investigación,Una década de Economía social y solidaria en Colombia,Colombia,2018,"OLGA LUCIA ARBOLEDA ALVAREZ, HERNANDO ZABALA",1
00035,004,Libros publicados,,Libro resultado de investigación,Panorama de políticas públicas para la economía social y solidaria en Medellín con relación a experiencias de otros países de Europa y América Latina,Colombia,2018,"MARTHA DEL SOCORRO ALZATE CARDENAS, HERNANDO EMILIO ZABALA SALAZAR, EDUARDO NICOLAS CUETO FUENTES",1
00036,004,Libros publicados,,Libro resultado de investigación,Huella cooperativa en Antioquia,Colombia,2017,"HERNANDO EMILIO ZABALA SALAZAR, OLGA LUCIA ARBOLEDA ALVAREZ, MARIA DONELLY LEON GANAN, EDUARDO NICOLAS CUETO FUENTES",1
00037,004,Libros publicados,,Libro resultado de investigación,Economía agraria y asociatividad cooperativa en Colombia,Colombia,2016,HERNANDO EMILIO ZABALA SALAZAR,1
00038,004,Libros publicados,,Libro resultado de investigación,Gestion del factor comunidad en cooperativas con actividad de ahorro y crédito del Departamento de Antioquia,Colombia,2016,"OLGA LUCIA ARBOLEDA ALVAREZ, HERNANDO ZABALA SALAZAR",1
00039,004,Libros publicados,,Libro resultado de investigación,Gestión del factor comunidad en cooperativas con actividad de ahorro y crédito del departamento de Antioquia,Colombia,2016,"HERNANDO EMILIO ZABALA SALAZAR, OLGA LUCIA ARBOLEDA ALVAREZ",1
00040,004,Libros publicados,,Libro resultado de investigación,Marco para el fomento de la economía solidaria en territorios rurales de Colombia,Colombia,2016,"HERNANDO EMILIO ZABALA SALAZAR, ALBERTO JOSE GARCIA MULLER, CRESCENCIO ORREGO, JUAN FERNANDO ALVAREZ RODRIGUEZ",1
00041,004,Libros publicados,,Libro resultado de investigación,Política Pública de Economía Solidaria en el contexto de Planeación Local y Presupuesto Participativo de Medellín 2008 ¿ 2015: Evaluación de su efectividad,Colombia,2015,"OSWALDO ANTONIO SALGADO CANAVERAL, MARTHA DEL SOCORRO ALZATE CARDENAS, OLGA LUCIA ARBOLEDA ALVAREZ",1
00042,004,Libros publicados,,Libro resultado de investigación,Política Pública De Economía Solidaria En El Contexto De Planeación Local Y Presupuesto Participativo De Medellín 2008 ¿ 2015: Evaluación De Su Efectividad,Colombia,2015,"OSWALDO ANTONIO SALGADO CANAVERAL, OLGA LUCIA ARBOLEDA ALVAREZ, MARTHA DEL SOCORRO ALZATE CARDENAS, GUIOMAR BIBIANA PERALTA ROBLEDO, MARTHA LIGIA PAREJA MESA",1
00043,004,Libros publicados,,Libro resultado de investigación,La nueva agenda del mutualismo colombiano,Colombia,2010,HERNANDO EMILIO ZABALA SALAZAR,1
00044,004,Libros publicados,,Libro resultado de investigación,"Mutualismo, exclusión y seguridad social en el valle de Aburrá",Colombia,2009,"OLGA LUCIA ARBOLEDA ALVAREZ, HERNANDO EMILIO ZABALA SALAZAR",1
00045,004,Libros publicados,,Libro resultado de investigación,Cooperación y salud una experiencia reciente en el Valle de Aburrá,Colombia,2009,HERNANDO EMILIO ZABALA SALAZAR,1
00046,004,Libros publicados,,Libro resultado de investigación,"Mutualismo, exclusión y seguridad social en el valle de Aburrá",Colombia,2009,"HERNANDO ZABALA SALAZAR, OLGA LUCIA ARBOLEDA ALVAREZ",1
00047,004,Libros publicados,,Libro resultado de investigación,Proceso de consolidación de Capital Social en la ciudad de Medellín en el marco de los enfoques de desarrollo humano y responsabilidad social,Colombia,2009,"OLGA LUCIA ARBOLEDA ALVAREZ, ALFREDO GHISO COTOS, ELKIN QUIROS LIZARAZO, EDISON VIVEROS",1
00048,004,Libros publicados,,Libro resultado de investigación,Cooperación y salud una experiencia reciente en el Valle de Aburrá,Colombia,2009,NELSON DARIO CAICEDO RESTREPO,1
00049,004,Libros publicados,,Libro resultado de investigación,Francisco Luis Jimenez Sembrador De Una Esperanza 1961 2004,Colombia,2007,OLGA LUCIA ARBOLEDA ALVAREZ,1
00050,004,Libros publicados,,Libro resultado de investigación,Francisco Luis Jiménez Sembrador de una Esperanza 1961 2004,Colombia,2007,"HERNANDO EMILIO ZABALA SALAZAR, OLGA LUCIA ARBOLEDA ALVAREZ",1
00051,004,Libros publicados,,Libro resultado de investigación,Francisco Luis Jiménez: Sembrador De La Esperanza. 1930 - 1960,Colombia,2006,OLGA LUCIA ARBOLEDA ALVAREZ,1
00052,004,Libros publicados,,Libro resultado de investigación,Francisco Luis Jiménez: Sembrador De La Esperanza. 1930 - 1960,Colombia,2006,"HERNANDO EMILIO ZABALA SALAZAR, OLGA LUCIA ARBOLEDA ALVAREZ",1
00053,004,Libros publicados,,Libro resultado de investigación,Francisco Luis Jiménez: Sembrador De La Esperanza. 1930 - 1960,Colombia,2006,"HERNANDO EMILIO ZABALA SALAZAR, OLGA LUCIA ARBOLEDA ALVAREZ",1
00054,004,Libros publicados,,Libro resultado de investigación,La Economía Solidaria En Antioquia. Estado Del Arte 1960 - 2003,Colombia,2005,OLGA LUCIA ARBOLEDA ALVAREZ,1
00055,004,Libros publicados,,Libro resultado de investigación,La Economía Solidaria En Antioquia. Estado Del Arte 1960 - 2003,Colombia,2005,"HERNANDO EMILIO ZABALA SALAZAR, OLGA LUCIA ARBOLEDA ALVAREZ",1
00056,004,Libros publicados,,Libro resultado de investigación,Introducción A La Historia Y Doctrina Del Cooperativismo,Colombia,2005,HERNANDO EMILIO ZABALA SALAZAR,1
00057,004,Libros publicados,,Libro resultado de investigación,Planeación Estratégica Aplicada A Cooperativas Y Demás Formas Asociativas Y Solidarias,Colombia,2005,HERNANDO EMILIO ZABALA SALAZAR,1
00058,004,Libros publicados,,Libro resultado de investigación,Racionalidad De Prácticas D Eeconomía Solidaria En Medellín En Las Últimas Tres Décadas Del Siglo Xx,Colombia,2004,"OLGA LUCIA ARBOLEDA ALVAREZ, LUZ DOLLY LOPERA GARCIA",1
00059,004,Libros publicados,,Libro resultado de investigación,Investigación estadística y jurídica de los organismos cooperativos con actividad financiera en el departamento de Antioquia,Colombia,2002,HERNANDO EMILIO ZABALA SALAZAR,1
00060,004,Libros publicados,,Libro resultado de investigación,Descripción y análisis de variables de economia solidaria en Antioquia: visión de coyuntura,Colombia,2001,LUZ DOLLY LOPERA GARCIA,1
00061,004,Libros publicados,,Libro resultado de investigación,Historia de las practicas solidarias en Antioquia 1850-1930,Colombia,1995,"OLGA LUCIA ARBOLEDA ALVAREZ, ANTONIO MARIN",1
00062,005,Libros publicados,,Libro resultado de investigación,Agresión en adolescentes infractores,Colombia,2025,"CESAR ANDRES CARMONA CARDONA, LEIDYS HELENA RIVERA QUIROZ, OLBER EDUARDO ARANGO TOBON, ISABEL CRISTINA PUERTA LOPERA",1
00063,005,Libros publicados,,Libro resultado de investigación,Estrategias de intervención y posvención del comportamiento suicida,Colombia,2022,"OMAR AUGUSTO AMADOR SANCHEZ, MARIA VICTORIA RESTREPO TOBON, DAVID IGNACIO MOLINA VELASQUEZ, MARCOS FIDEL VEGA SENA, ELIZA KRATC GIL, SANDRA ISABEL MEJIA ZAPATA, JHOEEN SNEYDER ROJAS DIAZ, DIEGO LEON CARVAJAL SERNA, GLORIA CECILIA CARDONA RIOS, ANGEL AUGUSTO VIZCAYA CASTILLO, JOHN JAIRO GARCIA PENA",1
00064,005,Libros publicados,,Libro resultado de investigación,Violencias basadas en género: la otra tragedia de Colombia. Indagaciones,Colombia,2021,"JUAN DIEGO BETANCUR ARIAS, JORMARIS MARTINEZ GOMEZ, ISABEL CRISTINA PUERTA LOPERA, LUIS FERNANDO QUINTERO ARANGO",1
00065,005,Libros publicados,,Libro resultado de investigación,Factores para el diseño de políticas de salario emocional,Colombia,2021,"JUAN DIEGO BETANCUR ARIAS, LUIS FERNANDO QUINTERO ARANGO",1
00066,005,Libros publicados,,Libro resultado de investigación,"Juventud, violencia y paz : experiencias investigativas en barriadas populares de Cali y Medellín",Colombia,2020,"ANYERSON STITHS GOMEZ TABARES, CESAR NUNEZ, ELIZABETH GOMEZ ETAYO, ILVAR JOSUE CARANTON SANCHEZ, JUAN DAVID GIRALDO ROJAS, NORA MARGARITA VARGAS ZULUAGA, RODRIGO JESUS OCAMPO GIRALDO, LILIANA GALLO CONSUEGRA, ANGELA PATRICIA ARANGO VASQUEZ",1
00067,005,Libros publicados,,Libro resultado de investigación,El Suicidio. Una mirada integral e integradora,Colombia,2020,"OMAR AUGUSTO AMADOR SANCHEZ, MARIA VICTORIA RESTREPO TOBON, DAVID IGNACIO MOLINA VELASQUEZ, MARCOS FIDEL VEGA SENA, ELIZA KRATC GIL, SANDRA ISABEL MEJIA ZAPATA, JHOEEN SNEYDER ROJAS DIAZ, DIEGO LEON CARVAJAL SERNA, GLORIA CECILIA CARDONA RIOS, ANGEL AUGUSTO VIZCAYA CASTILLO, JOHN JAIRO GARCIA PENA",1
00068,005,Libros publicados,,Libro resultado de investigación,Hacia un concepto multifactorial del aprendizaje y la memoria. Aplicaciones tendientes a una visión neuropsicopedagógica (Vol. II),Colombia,2017,"JUAN DIEGO BETANCUR ARIAS, PAULA ANDREA MONTOYA ZULUAGA",1
00069,005,Libros publicados,,Libro resultado de investigación,Hacia un concepto multifactorial del aprendizaje y la memoria. Aproximaciones Neuropsicopedagógicas (Vol. I),Colombia,2017,"JUAN DIEGO BETANCUR ARIAS, PAULA ANDREA MONTOYA ZULUAGA",1
00070,005,Libros publicados,,Libro resultado de investigación,Adolescencia Sexo Y Consumo De Drogas,Colombia,2013,OLBER EDUARDO ARANGO TOBON,1
00071,005,Libros publicados,,Libro resultado de investigación,Memorias Del Primer Simposio Nacional E Internacional De Investigaciones En Primera Infancia,Colombia,2012,SANDRA JULIET CLAVIJO ZAPATA,1
00072,006,Libros publicados,Autores: DIANA MARCELA GARCIA MUNOZ,Libro resultado de investigación,"Silencios, emociones, valores, sueños y olvido en las voces de los excombatientes del conflicto armado colombiano. Experiencias con la Agencia para la Reincorporación y la Normalización (ARN) en el Eje Cafetero y dos municipios de Chocó",Colombia,2022,,1
00073,006,Libros publicados,,Libro resultado de investigación,"Encuentros de conocimiento y aprendizaje: escenario para la formación en contexto. Sistematización de la experiencia ?SUMA Proyección? ,",Colombia,2020,DIANA MARCELA GARCIA MUNOZ,1
00074,006,Libros publicados,,Libro resultado de investigación,"Comprensiones sobre los sistemas institucionales de evaluación de aprendizajes Tres casos de Antioquia: Medellín, Oriente y Nordeste",Colombia,2018,"JOSE FEDERICO AGUDELO TORRES, FABIAN ALONSO PEREZ RAMIREZ, ELKIN ALONSO RIOS OSORIO, ANDREA CAROLINA PERNETH MONTANEZ",1
00075,006,Libros publicados,,Libro resultado de investigación,Experiencias y calidades de la educación en Medellín Prácticas pedagógicas y quehacer educativo en contexto de docentes y directivos docentes postulados al Premio Ciudad de Medellín a la Calidad de la Educación 2010-2013,Colombia,2018,"JOSE WILMAR PINO MONTOYA, EMERSON ECHAVARRIA GONZALEZ, FABER ANDRES PIEDRAHITA LARA, GUILLERMO DE JESUS ECHEVERRI JIMENEZ, LUZ CELINA CALDERON GUTIERREZ, MERCEDES VALLEJO GOMEZ, MICHELLE BETANCUR ZULUAGA, YICEL NAYROBIS GIRALDO GIRALDO, MARIA ALEJANDRA LOPERA RENDON, CARMEN TULIA CANO ALVAREZ, DIEGO LEANDRO GARZON AGUDELO, DAYRO LEON QUINTERO LOPEZ",1
00076,006,Libros publicados,,Libro resultado de investigación,De la caverna al umbral: reflexiones estéticas sobre la ciudad pública y privada,Colombia,2015,"GLORIA MARIA LOPEZ ARBOLEDA, RAFAEL MAURICIO PARIS RESTREPO",1
00077,006,Libros publicados,,Libro resultado de investigación,CLIC. Implicaciones de la virtualidad globalizada en el sujeto.,Colombia,2015,"GLORIA MARIA LOPEZ ARBOLEDA, ALEXANDER RODRIGUEZ BUSTAMANTE, LILIAM JOHANA MARROQUIN",1
00078,006,Libros publicados,,Libro resultado de investigación,"Libro La Escuela Sitiada. Educación, violencia urbana e incidencia de las políticas educativas para hacerle frente. Un análisis comparado entre Colombia, Chile y México. 2014 (en revisión para publicación) Informe técnico de la investigación presentado a UNESCO.",Chile,2014,MARY LUZ MARIN POSADA,1
00079,006,Libros publicados,,Libro resultado de investigación,"Migración, Familia Y Desarrollo",Colombia,2011,"ALFREDO GHISO COTOS, CATALINA MARIA TABARES OCHOA, LIBIA ELENA RAMIREZ ROBLEDO, SANTIAGO ALBERTO MORALES MESA",1
00080,006,Libros publicados,,Libro resultado de investigación,El Compromiso Social Fundador Y  Las  Respuestas Pedagógicas  De Las Facultades De Educación Adscritas A Ascofade,Colombia,2010,"LIBIA ELENA RAMIREZ ROBLEDO, CARMEN TULIA CANO ALVAREZ, DIEGO ALEJANDRO MUNOZ GAVIRIA, JORGE IVAN RIOS, JUAN LEONEL GIRALDO SALAZAR, LIGIA VICTORIA ESCOBAR LONDONO",1
00081,006,Libros publicados,,Libro resultado de investigación,Cambios en la familia: los hilos invisibles de la migración.,Colombia,2009,"SANTIAGO ALBERTO MORALES MESA, ALFREDO GHISO COTOS, CATALINA MARIA TABARES OCHOA, LIBIA ELENA RAMIREZ ROBLEDO",1
00082,006,Libros publicados,,Libro resultado de investigación,A La Sombra Del Migrante; Un Abordaje Psicosocial A Las Familias De Migrantes En El Lugar De Origen,Colombia,2009,"LIBIA ELENA RAMIREZ ROBLEDO, ALFREDO GHISO COTOS, CATALINA MARIA TABARES OCHOA, SANTIAGO ALBERTO MORALES MESA",1
00083,006,Libros publicados,,Libro resultado de investigación,"Trayectorias Migratorias, Experiencia Vital Del Migrante Y Su Familia",Colombia,2009,"CATALINA MARIA TABARES OCHOA, ALFREDO GHISO COTOS, LIBIA ELENA RAMIREZ ROBLEDO, SANTIAGO ALBERTO MORALES MESA",1
00084,007,Libros publicados,,Libro resultado de investigación,Apología de lo extraño. Una aproximación desde Bernhard Waldenfels,Colombia,2024,EDISON FRANCISCO VIVEROS CHAVARRIA,1
00085,007,Libros publicados,,Libro resultado de investigación,"Título del libro	Experiencias deportivas, psicosociales y administrativas del Club Deportivo El Boca de Bello en el año 2019",Colombia,2023,ZONAIKA MAIRA POSADA LOPEZ,1
00086,007,Libros publicados,,Libro resultado de investigación,Familias tejedoras de futuro. Propuesta de investigación-intervención en contextos de posconflicto y paz,Colombia,2021,"ANGELA MARITZA LOPERA JARAMILLO, ALEXANDRA MARIA GONZALEZ MORA, MARTHA INES VALDERRAMA BARRERA, MARIA DEL TRANSITO GIRALDO USME, MARTA CECILIA ARROYAVE GUZMAN",1
00087,007,Libros publicados,,Libro resultado de investigación,Intervención psicosocial en crianza contemporánea,Colombia,2021,"OVIDIO HERRERA RIVERA, LEDY MARYORY BEDOYA CARDONA",1
00088,007,Libros publicados,,Libro resultado de investigación,"Empatía, conductas prosociales y convivencia escolar: sus nexos y relaciones en niños que han experimentado violencias. Un estudio en Montería y Medellín",Colombia,2020,"ALEXANDER RODRIGUEZ BUSTAMANTE, ANA MARIA ROMERO OTALVARO, GLORIA MARIA LOPEZ ARBOLEDA, KELLY SAMADI VASQUEZ GOMEZ, JENNY JOSEFINA VICUNA ROMERO, MARTA AIDA PALACIO CORREA, NELSON FERNANDO BALVIN HERRERA, JOHN ALBERT CARDENAS CUADROS, MARIA DEL TRANSITO GIRALDO USME, SANDRA JULIET CLAVIJO ZAPATA, ERIKA PATRICIA RUIZ GONZALEZ, MARTHA NEREIDA MUNOZ ARGEL",1
00089,007,Libros publicados,,Libro resultado de investigación,Crianza contemporánea: significados y comprensiones desde la voz de las familias,Colombia,2020,"OVIDIO HERRERA RIVERA, LEDY MARYORY BEDOYA CARDONA, MARGARITA MARIA ALVIAR RUIZ",1
00090,007,Libros publicados,,Libro resultado de investigación,"La disciplina del desarrollo familiar colombiano. Un diálogo entre conocimiento científico, intervención y acompañamiento familiar",Colombia,2018,"EDISON FRANCISCO VIVEROS CHAVARRIA, ALEXANDER RODRIGUEZ BUSTAMANTE, GERMAN DARIO HERRERA SARAY, LUZ MARIA LOPEZ MONTANO",1
00091,007,Libros publicados,,Libro resultado de investigación,"Hablame de vos. Diagnóstico situacional de los derechos de infancia, niñez y adolescencia en el municipio de La Estrella, Antioquia",Colombia,2015,"EDISON FRANCISCO VIVEROS CHAVARRIA, NICOLASA MARIA DURAN PALACIO, NORMAN DARIO MORENO CARMONA",1
00092,007,Libros publicados,,Libro resultado de investigación,Alteridad familiar: Una lectura desde Emmanuel Lévinas,Colombia,2015,EDISON FRANCISCO VIVEROS CHAVARRIA,1
00093,007,Libros publicados,,Libro resultado de investigación,"Frank Lloyd Wright,  Un Relato Imaginario",Colombia,2013,JOSE TOMAS CORTES DIAZ,1
00094,007,Libros publicados,,Libro resultado de investigación,Adolescencia Sexo Y Consumo De Drogas,Colombia,2013,"GUILLERMO ALONSO CASTANO PEREZ, MARIA CAROLINA MONTOYA MONTOYA, OLBER EDUARDO ARANGO TOBON, SANTIAGO ALBERTO MORALES MESA, ALEXANDER RODRIGUEZ BUSTAMANTE",1
00095,007,Libros publicados,,Libro resultado de investigación,El Padre En Familias Con Madre Migrante,Colombia,2011,EDISON FRANCISCO VIVEROS CHAVARRIA,1
00096,007,Libros publicados,,Libro resultado de investigación,Consolidación de capital social en Medellín. Un proceso en el marco de los enfoques de desarrollo humano y responsabilidad social,Colombia,2009,"EDISON FRANCISCO VIVEROS CHAVARRIA, OLGA LUCIA ARBOLEDA ALVAREZ, AFREDO GHISO COTOS, ELKIN HORACIO QUIROZ LIZARAZO",1
00097,007,Libros publicados,,Libro resultado de investigación,Aproximaciones Conceptuales Al Desarrollo Familiar,Colombia,2008,EDISON FRANCISCO VIVEROS CHAVARRIA,1
00098,007,Libros publicados,,Libro resultado de investigación,Dinámicas Internas De Las Familias Con Jefatura Femenina Y Menores En Conflicto Con La Ley Penal: Características Interaccionales.,Colombia,2006,EDISON FRANCISCO VIVEROS CHAVARRIA,1
00099,007,Libros publicados,,Libro resultado de investigación,Crisis Y Conflictos De Pareja,Colombia,2006,MARIA VICTORIA ALVAREZ VELEZ,1
00100,007,Libros publicados,,Libro resultado de investigación,Comprendiendo el mundo de la explotación sexual: Historia de vida de Bermy Grisales Espinoza,Colombia,2001,"ANGELA MARIA RESTREPO SUAZA, MARIA EUMELIA GALEANO MARIN, SANTIAGO ALBERTO MORALES MESA",1
00101,008,Libros publicados,,Libro resultado de investigación,Estrategias de intervención y posvención del comportamiento suicida.,Colombia,2022,"SANDRA ISABEL MEJIA ZAPATA, DAVID IGNACIO MOLINA VELASQUEZ, ANGEL AUGUSTO VIZCAYA CASTILLO, JOHN JAIRO GARCIA PENA, GLORIA CECILIA CARDONA RIOS, ELIZA KRATC GIL, MARCOS VEGA SENA, OMAR AUGUSTO AMADOR SANCHEZ, JHOEEN SNEYDER ROJAS DIAZ, MARIA VICTORIA RESTREPO TOBON",1
00102,008,Libros publicados,,Libro resultado de investigación,Estrategias de intervención y posvención del comportamiento suicida,Colombia,2022,"JOHN JAIRO GARCIA PENA, GLORIA CECILIA CARDONA RIOS, ELIZA KRATC GIL, ANGEL AUGUSTO VIZCAYA CASTILLO, OMAR AUGUSTO AMADOR SANCHEZ, MARCOS FIDEL VEGA SENA, SANDRA ISABEL MEJIA ZAPATA, JHOEEN SNEYDER ROJAS DIAZ, DAVID IGNACIO MOLINA VELASQUEZ, MARIA VICTORIA RESTREPO TOBON",1
00103,008,Libros publicados,,Libro resultado de investigación,"Juventud, violencia y paz : experiencias investigativas en barriadas populares de Cali y Medellín",Colombia,2020,"ANYERSON STITHS GOMEZ TABARES, CESAR NUNEZ, ELIZABETH GOMEZ ETAYO, ILVAR JOSUE CARANTON SANCHEZ, JUAN DAVID GIRALDO ROJAS, NORA MARGARITA VARGAS ZULUAGA, RODRIGO JESUS OCAMPO GIRALDO, LILIANA GALLO CONSUEGRA, ANGELA PATRICIA ARANGO VASQUEZ",1
00104,008,Libros publicados,,Libro resultado de investigación,EL SUICIDIO.UNA MIRADA INTEGRAL E INTEGRADORA,Colombia,2020,"JOHN JAIRO GARCIA PENA, GLORIA CECILIA CARDONA RIOS, JHOEEN SNEYDER ROJAS DIAZ, ELIZA KRATC GIL, OMAR AUGUSTO AMADOR SANCHEZ, MARCOS FIDEL VEGA SENA, SANDRA ISABEL MEJIA ZAPATA, DIEGO LEON CARVAJAL SERNA, ANGEL AUGUSTO VIZCAYA CASTILLO, DAVID IGNACIO MOLINA VELASQUEZ, MARIA VICTORIA RESTREPO TOBON, ANA LUCIA CEBALLOS DUQUE",1
00105,008,Libros publicados,,Libro resultado de investigación,El suicidio. Una mirada integral e integradora,Colombia,2020,"SANDRA ISABEL MEJIA ZAPATA, DAVID IGNACIO MOLINA VELASQUEZ, ANGEL AUGUSTO VIZCAYA CASTILLO, JOHN JAIRO GARCIA PENA, ELIZA KRATC GIL, MARCOS VEGA SENA, OMAR AUGUSTO AMADOR SANCHEZ, JHOEEN SNEYDER ROJAS DIAZ, DIEGO LEON CARVAJAL SERNA, MARIA VICTORIA RESTREPO TOBON, ANA LUCIA CEBALLOS DUQUE, GLORIA CECILIA CARDONA RIOS",1
00106,008,Libros publicados,,Libro resultado de investigación,El lugar de la subjetividad de las madres en los procesos psicopedagógicos de niños con necesidades educativas especiales,Colombia,2019,"MAGDA VICTORIA DIAZ ALZATE, DIEGO LEON AGUDELO CORDOBA",1
00107,008,Libros publicados,,Libro resultado de investigación,"Locura y sociedad. Alienismo tardío, psicopatología e higiene mental en la modernidad colombiana, 1870-1968.",Colombia,2018,JAIRO GUTIERREZ AVENDANO,1
00108,008,Libros publicados,,Libro resultado de investigación,Habitar la educación. Vinculaciones y desvinculaciones entre los niveles escolares,Colombia,2018,CAROLINA VALDES HENAO,1
00109,008,Libros publicados,,Libro resultado de investigación,Sentidos de ley y prácticas de justicia en el ámbito de la convivencia escolar. Dos referentes: Medellín (Colombia) y Santiago de Chile.,Colombia,2017,JOHN JAIRO GARCIA PENA,1
00110,008,Libros publicados,,Libro resultado de investigación,Propuesta efectiva de ruta de atención intersectorial a las violencias sexuales,Colombia,2016,JOHN JAIRO GARCIA PENA,1
00111,008,Libros publicados,,Libro resultado de investigación,"Hablame de Vos. Diagnóstico Situacional de los derechos de la niñez y la adoelcencia en el Municipio de La Estrella, Antioquia",Colombia,2015,"NICOLASA MARIA DURAN PALACIO, NORMAN DARIO MORENO CARMONA, EDISON FRANCISCO VIVEROS CHAVARRIA",1
00112,008,Libros publicados,,Libro resultado de investigación,La Carrera De Las Niñas Enlos Grupos Guerrilleros Y Paramilitares De Colombia. Un Estudio Desde El Punto De Vista Del Agente,Colombia,2012,"JAIME ALBERTO CARMONA PARRA, FLORENTINO MORENO MARTIN, JOHN FELIPE TOBON HOYOS",1
00113,008,Libros publicados,,Libro resultado de investigación,La Carrera De Las Niñas En Los Grupos Guerrilleros Y Paramilitares De Colombia. Un Estudio Desde El Punto De Vista Del Agente,Colombia,2012,"JAIME ALBERTO CARMONA PARRA, JOHN FELIPE TOBON HOYOS, FLORENTINO MORENO MARTIN",1
00114,008,Libros publicados,,Libro resultado de investigación,El Suicidio En La Pubertad Y La Adolescencia. Un Abordaje Desde La Psicologia Social,Colombia,2010,"JAIME ALBERTO CARMONA PARRA, JUAN CARLOS JARAMILLO ESTRADA, JOHN FELIPE TOBON HOYOS, YULIANA AREIZA",1
00115,008,Libros publicados,,Libro resultado de investigación,Cuerpo anhelado y cuerpo competente. Narrativas identitarias de mujeres con anorexia-bulimia,Colombia,2010,"MAURICIO HERNANDO BEDOYA HERNANDEZ, ANDRES FELIPE MARIN CORTES",1
00116,008,Libros publicados,,Libro resultado de investigación,El Suicidio En La Pubertad Y La Adolescencia. Un Abordaje Desde La Psicologia Social,Colombia,2010,"JAIME ALBERTO CARMONA PARRA, JUAN CARLOS JARAMILLO ESTRADA, JOHN FELIPE TOBON HOYOS, YULIANA AREIZA",1
00117,008,Libros publicados,,Libro resultado de investigación,Cuerpo anhelado y cuerpo competente. Narrativas identitarias de mujeres con anorexia-bulimia,Colombia,2009,ANDRES FELIPE MARIN CORTES,1
00118,008,Libros publicados,,Libro resultado de investigación,"El conflicto vasco: violencia, polarización o¿(re)conciliación?",España,2009,FLORENTINO MORENO MARTIN,1
00119,008,Libros publicados,,Libro resultado de investigación,Propuesta Educativa Para El Desarrollo Humano En La Primera Infancia,Colombia,2008,"ANDRES FELIPE MARIN CORTES, JAIR HENANDO ALVAREZ TORRES",1
00120,008,Libros publicados,,Libro resultado de investigación,El primer año de vida lingüístico,Colombia,2005,FREDDY ALBERTO GUARIN OCAMPO,1
00121,008,Libros publicados,,Libro resultado de investigación,"Competencias, Saberes Y Herramientas Necesarias Para La Intervención Social Del Psicólogo",Colombia,2005,"LUZ MARINA ARANGO GOMEZ, MARIA ALEJANDRA RESTREPO CARDENO, CESAR AUGUSTO JARAMILLO JARAMILLO",1
00122,009,Libros publicados,,Libro resultado de investigación,Adolescencia y familia. La transformación de la familia colombiana y su incidencia en los adolescentes,Colombia,2018,"PAULJAVIER BEDOYA PASTRANA, NORMAN DARIO MORENO CARMONA, VIVIANA CARMENZA AVILA NAVARRETE",1
00123,009,Libros publicados,,Libro resultado de investigación,CONSTRUCCIÓN DE IDENTIDADES Y PARTICIPACIÓN COMUNITARIA. Un enfoque sociopolítico en la formación universitaria,Venezuela,2016,ESTELIO JOSE ANGULO,1
00124,009,Libros publicados,,Libro resultado de investigación,CONSTRUCCION DE IDENTIDADES SOCIOPOLÍTICAS Y PARTICIPACIÓN COMUNITARIA DEL DOCENTE INTEGRAL EN FORMACIÓN,Venezuela,2016,ESTELIO JOSE ANGULO,1
00125,009,Libros publicados,,Libro resultado de investigación,Adolfo Pacheco Juglar De Los Montes De María,Colombia,2014,ALBIO MARTINEZ SIMANCA,1
00126,009,Libros publicados,,Libro resultado de investigación,La Costa Abajo. Un Pedazo Del Caribe Colombiano. Cultura De Los Afrodescendientes Cordobeses Costaneros.,Colombia,2011,MERY RAQUEL CARDONA OVIEDO,1
00127,009,Libros publicados,,Libro resultado de investigación,Plan Estratégico Departamental De Ciencia Tecnología E Innovación De Córdoba,Colombia,2011,VICTOR TERAN REALES,1
00128,009,Libros publicados,,Libro resultado de investigación,Estrategias Pedagógicas Basadas En La Comprensión. Las Manifestaciones De Liderazgo En El Ámbito De La Inteligencia Emocional,Colombia,2011,JOAQUIN JOSE ROJANO DE LA HOZ,1
00129,009,Libros publicados,,Libro resultado de investigación,Estudiantes Y Cambios Generacionaloes En La Sociedad Colombiana,Colombia,2011,ALBIO MARTINEZ SIMANCA,1
00130,009,Libros publicados,,Libro resultado de investigación,"José Felix Fuenmayor ""Entre La Tradición Y La Vanguardia"" Autor: Albio Martinez Simanca",Colombia,2011,ALBIO MARTINEZ SIMANCA,1
00131,009,Libros publicados,,Libro resultado de investigación,Psicologia Forense: Estudio De La Mente Criminal.,Colombia,2010,GUSTAVO ANTONIO BRUNAL GONZALEZ,1
00132,009,Libros publicados,,Libro resultado de investigación,Fundamnetos Conceptuales Y Metodològicos Para La Construcciòn De Cultura Ambiental,Colombia,2010,MERY RAQUEL CARDONA OVIEDO,1
00133,009,Libros publicados,"Autores: VICTOR TERAN REALES, JOAQUIN ROJANO DE LA HOZ, MERI CARDONA OVIEDO",Libro resultado de investigación,Las familias afrodescendientes. Raíces de África en el Caribe. Una mirada etnográfica en el departamento de Córdoba - Colombia.,Colombia,2010,,1
00134,009,Libros publicados,,Libro resultado de investigación,Las familias afrodescendientes. Raíces de África en el Caribe. Una mirada etnográfica en el departamento de Córdoba - Colombia.,Colombia,2010,FRANCISCO WILLIAM MERCADO MERCADO,1
00135,009,Libros publicados,,Libro resultado de investigación,Fundamnetos Conceptuales Y Metodològicos Para La Construcciòn De Cultura Ambiental,Colombia,2010,"VICTOR TERAN REALES, JOAQUIN ROJANO DE LA HOZ, MERI CARDONA OVIEDO, FRANCISCO MERCADO MERCADO",1
00136,009,Libros publicados,,Libro resultado de investigación,Medios y Tecnologías: Espacios alternativos para enseñar y aprender,Colombia,2010,"GLENIS BIBIANA ALVAREZ QUIROZ, MARTHA CECILIA ROMERO MORENO, MANUEL CARO PINERES",1
00137,009,Libros publicados,,Libro resultado de investigación,Fundamnetos Conceptuales Y Metodològicos Para La Construcciòn De Cultura Ambiental,Colombia,2009,VICTOR TERAN REALES,1
00138,009,Libros publicados,,Libro resultado de investigación,Plan Estratégico Departamental De Ciencia Tecnología E Innovación De Córdoba,Colombia,2009,VICTOR TERAN REALES,1
00139,009,Libros publicados,,Libro resultado de investigación,Las familias afrodescendientes. Raíces de África en el Caribe. Una mirada etnográfica en el departamento de Córdoba - Colombia.,Colombia,2009,"MERY RAQUEL CARDONA OVIEDO, VICTOR TERAN REALES, FRANCISCO MERCADO MERCADO, JOAQUIN ROJANO DE LA HOZ",1
00140,009,Libros publicados,,Libro resultado de investigación,Fundamnetos Conceptuales Y Metodològicos Para La Construcciòn De Cultura Ambiental,Colombia,2008,VICTOR TERAN REALES,1
00141,009,Libros publicados,,Libro resultado de investigación,Proyecto De Cultura Ambiental Caec,Colombia,2008,VICTOR TERAN REALES,1
00142,009,Libros publicados,,Libro resultado de investigación,Incorporacion De La Dimension Ambiental A Los Procesos Culturales Asociados Al Rescate Y Valoracion Del Patrimonio Cultural,Colombia,2008,VICTOR TERAN REALES,1
00143,009,Libros publicados,,Libro resultado de investigación,Proyecto De Cultura Ambiental Caec,Colombia,2008,VICTOR TERAN REALES,1
00144,009,Libros publicados,,Libro resultado de investigación,Territorios Y Territorialidades En La Calendaria,Colombia,2008,VICTOR TERAN REALES,1
00145,009,Libros publicados,,Libro resultado de investigación,Fundamnetos Conceptuales Y Metodològicos Para La Construcciòn De Cultura Ambiental,Colombia,2007,MERY RAQUEL CARDONA OVIEDO,1
00146,009,Libros publicados,,Libro resultado de investigación,Fundamnetos Conceptuales Y Metodològicos Para La Construcciòn De Cultura Ambiental,Colombia,2007,MERY RAQUEL CARDONA OVIEDO,1
00147,009,Libros publicados,,Libro resultado de investigación,Apartadences,Colombia,2007,VICTOR TERAN REALES,1
00148,009,Libros publicados,,Libro resultado de investigación,Fundamnetos Conceptuales Y Metodològicos Para La Construcciòn De Cultura Ambiental,Colombia,2007,VICTOR TERAN REALES,1
00149,009,Libros publicados,,Libro resultado de investigación,Apartadences,Colombia,2007,"MERY RAQUEL CARDONA OVIEDO, VICTOR TERAN REALES",1
00150,009,Libros publicados,,Libro resultado de investigación,Proyecto De Cultura Ambiental Caec,Colombia,2007,VICTOR TERAN REALES,1
00151,009,Libros publicados,,Libro resultado de investigación,Proyecto De Cultura Ambiental Caec,Colombia,2007,VICTOR TERAN REALES,1
00152,009,Libros publicados,,Libro resultado de investigación,Proyecto De Cultura Ambiental Caec,Colombia,2006,VICTOR TERAN REALES,1
00153,009,Libros publicados,,Libro resultado de investigación,Fundamnetos Conceptuales Y Metodològicos Para La Construcciòn De Cultura Ambiental,Colombia,2006,VICTOR TERAN REALES,1
00154,009,Libros publicados,,Libro resultado de investigación,Dinamicas De Las Familias Desplazadas Por La Violencia Social En Monteria,Colombia,2005,JOAQUIN JOSE ROJANO DE LA HOZ,1
00155,009,Libros publicados,,Libro resultado de investigación,Dinamicas De Las Familias Desplazadas Por La Violencia Social En Monteria,Colombia,2005,AMAURY DE JESUS ROMERO BALLESTEROS,1
00156,009,Libros publicados,,Libro resultado de investigación,Proyecto De Cultura Ambiental Caec,Colombia,2005,MERY RAQUEL CARDONA OVIEDO,1
00157,009,Libros publicados,,Libro resultado de investigación,Dinamicas De Las Familias Desplazadas Por La Violencia Social En Monteria,Colombia,2005,"VICTOR TERAN REALES, AMAURY ROMERO, LUCILA SOTTER MERCADO, REGINA PENICHE CARDENAS, JOAQUIN ROJANO DE LA HOZ",1
00158,009,Libros publicados,,Libro resultado de investigación,Dinamicas De Las Familias Desplazadas Por La Violencia Social En Monteria,Colombia,2005,"VICTOR TERAN REALES, AMAURY ROMERO, LUCILA SOTTER MERCADO, REGINA PENICHE CARDENAS, JOAQUIN ROJANO DE LA HOZ",1
00159,009,Libros publicados,,Libro resultado de investigación,Dinamicas De Las Familias Desplazadas Por La Violencia Social En Monteria,Colombia,2005,"VICTOR TERAN REALES, AMAURY ROMERO, LUCILA SOTTER MERCADO, REGINA PENICHE CARDENAS, JOAQUIN ROJANO DE LA HOZ",1
00160,009,Libros publicados,,Libro resultado de investigación,Dinamicas De Las Familias Desplazadas Por La Violencia Social En Monteria,Colombia,2004,LUCILA SOTTER MERCADO,1
00161,009,Libros publicados,,Libro resultado de investigación,ESTILOS DE APRENDIZAJE DE LOS ESTUDIANTES DE LOS PRIMEROS SEMSTRES DE LA CORPORACIÒN UNIVERSITARIA DEL SINU.,Colombia,2003,LUZ BRUNAL DE PETRO,1
00162,009,Libros publicados,,Libro resultado de investigación,Laboratorio Internacional de Ciencias Sociales - De la violencia a la no violencia,Colombia,2003,"FABIAN EDUARDO MARTINEZ GIRALDO, FRAY ARTURO CALLE RESTREPO, JOSE VITALINO ECHEVERRI H, DIEGO ALEJANDRO MUNOZ, FEDERICO BURGOS ACEVEDO, CARLOS DARIO PATINO, LUZ AMANDA ZAPATA D, FRANCISCO ARIAS",1
00163,009,Libros publicados,,Libro resultado de investigación,Investigación En El Aula,Colombia,2000,JOAQUIN JOSE ROJANO DE LA HOZ,1
00164,009,Libros publicados,,Libro resultado de investigación,Los Travestis Iconoclastas de Género,Colombia,1995,"FABIAN EDUARDO MARTINEZ GIRALDO, BLANCA VALLE ZAPATA, NOELBA CORREA RUIZ",1
00165,010,Libros publicados,,Libro resultado de investigación,"ciberbullying,salud y afrontamiento en estudiantes: el caso de dos universidades",Colombia,2019,"BENILDA LAYNE BERNAL, PEDRO ALVAREZ MASSI, JOSE FERNANDO LUQUE MANRIQUE",1
00166,010,Libros publicados,,Libro resultado de investigación,Adolescencia y familia La transformación de la familia colombiana y su incidencia en los adolescentes,Colombia,2018,"NORMAN DARIO MORENO CARMONA, VIVIANA CARMENZA AVILA NAVARRETE, PAULJAVIER BEDOYA PASTRANA",1
00167,010,Libros publicados,,Libro resultado de investigación,"Narrando paz ando - Iniciativas exitosas de paz en Cundianamarca, Boyacá y Antioquia 2005-2013",Colombia,2018,"SANDRA LUZ CASTRO LESMES, MARIELA INES SANCHEZ CARDONA",1
00168,010,Libros publicados,,Libro resultado de investigación,El Suicidio: Cuatro Perspectivas,Colombia,2015,BENILDA LAYNE BERNAL,1
00169,010,Libros publicados,,Libro resultado de investigación,"Saberes, actores y escenarios de la Licenciatura en Pedagogía Reeducativa (1984 a 2008)",Colombia,2008,NOHORA PATRICIA ARIZA HERNANDEZ,1
00170,010,Libros publicados,,Libro resultado de investigación,De Los Maestros Su Semilla,Colombia,2006,MARITZA LAYNE BERNAL,1
00171,010,Libros publicados,,Libro resultado de investigación,Habitantes de la Calle en Bogotá-Representaciones sociales sobre espacio público y ciudadanía,Colombia,2005,"SANDRA LUZ CASTRO LESMES, WILSON MELLIZO, MAGDA MORALES SANCHEZ",1
00172,011,Libros publicados,,Libro resultado de investigación,Estudios en neurociencias cognitivas aplicadas,Colombia,2026,"DUBIS MARCELA RINCON BARRETO, CESAR ANDRES CARMONA CARDONA, LEIDYS HELENA RIVERA QUIROZ, CATALINA QUINTERO LOPEZ",1
00173,011,Libros publicados,,Libro resultado de investigación,Del desafío a la oportunidad: brecha digital y formación en el Trabajo Social,Colombia,2025,"ANGELA JOHANA VARGAS HERNANDEZ, LEIDYS HELENA RIVERA QUIROZ",1
00174,011,Libros publicados,,Libro resultado de investigación,Agresión en adolescentes infractores,Colombia,2025,LEIDYS HELENA RIVERA QUIROZ,1
00175,011,Libros publicados,"Autores: DUBIS MARCELA RINCON BARRETO, LUISA FERNANDA CORREA PEREZ, ERIKA PATRICIA RUIZ GONZALEZ, MARTHA NEREIDA MUNOZ ARGEL, LEONARDO ACOSTA FERNANDEZ",Libro resultado de investigación,"Las conductas prosociales y las conductas agresivas en perspectiva hacia la transformación psicosocial del adolescente, un estudio en el departamento de Córdoba, Colombia",Colombia,2024,,1
00176,011,Libros publicados,,Libro resultado de investigación,Estrategias de intervención y posvención del comportamiento suicida,Colombia,2022,"DAVID IGNACIO MOLINA VELASQUEZ, JHOEEN SNEYDER ROJAS DIAZ, MARCOS FIDEL VEGA SENA, JOHN JAIRO GARCIA PENA, SANDRA ISABEL MEJIA ZAPATA, GLORIA CECILIA CARDONA RIOS, ELIZA KRATC GIL, ANGEL AUGUSTO VIZCAYA CASTILLO, OMAR AUGUSTO AMADOR SANCHEZ, MARIA VICTORIA RESTREPO TOBON",1
00177,011,Libros publicados,,Libro resultado de investigación,El suicidio. Una mirada integral e integradora,Colombia,2020,"MARIA VICTORIA RESTREPO TOBON, ANGEL AUGUSTO VIZCAYA CASTILLO, ELIZA KRATC GIL, JHOEEN SNEYDER ROJAS DIAZ, SANDRA ISABEL MEJIA ZAPATA, GLORIA CECILIA CARDONA RIOS, DAVID IGNACIO MOLINA VELASQUEZ, OMAR AUGUSTO AMADOR SANCHEZ, ANA LUCIA CEBALLOS DUQUE, JOHN JAIRO GARCIA PENA, MARCOS VEGA SENA, DIEGO LEON CARVAJAL SERNA",1
00178,011,Libros publicados,,Libro resultado de investigación,Problemáticas psicosociales en el ámbito universitario y programas de prevención,Colombia,2017,"GUSTAVO ADOLFO CALDERON VALLEJO, GUILLERMO ALONSO CASTANO, CAROLINA MONTOYA MONTOYA",1
00179,011,Libros publicados,,Libro resultado de investigación,Las representaciones sociales de los profesionales que intervienen las adicciones no químicas en el Valle de Aburrá,Colombia,2016,GUSTAVO ADOLFO CALDERON VALLEJO,1
00180,011,Libros publicados,,Libro resultado de investigación,CONSUMO DE DROGAS Y LUDOPATÍA EN EL MUNICIPIO DE ENVIGADO,Colombia,2015,"GUILLERMO ALONSO CASTANO PEREZ, CESAR AUGUSTO JARAMILLO",1
00181,011,Libros publicados,,Libro resultado de investigación,"Barras Bravas En El Futbol, Consumo De Drogas Y Comportamientos Violentos. El Caso De La Ciudad De Medellin.",Colombia,2014,"SANDRA MILENA RESTREPO ESCOBAR, GUILLERMO ALONSO CASTANO PEREZ, NICOLAS IGNACIO URIBE ARAMBURO",1
00182,011,Libros publicados,,Libro resultado de investigación,Adolescencia Sexo Y Consumo De Drogas,Colombia,2013,"GUILLERMO ALONSO CASTANO PEREZ, EDUARDO ARANGO, SANTIAGO MORALES MESA, MARIA CAROLINA MONTOYA MONTOYA, ALEXANDER RODRIGUEZ BUSTAMANTE",1
00183,011,Libros publicados,,Libro resultado de investigación,"Fundamentos De Medicina: Adicciones, Aspectos Clínicos Y Psicosociales, Tratamiento Y Prevencion",Colombia,2013,"CESAR AUGUSTO JARAMILLO JARAMILLO, ELVIA VELASQUEZ DE PABON",1
00184,011,Libros publicados,,Libro resultado de investigación,"Prevalencia De Consum,Riesgode Adicción A Sustancia Psicoactivas Y Aficción Ajuegos De Azar En Estudiante Universitarios Del Valle De Aburrá 2009",Colombia,2012,"GUILLERMO ALONSO CASTANO PEREZ, GUSTAVO ADOLFO CALDERON VALLEJO, ANGELA MARIA CARDONA SEGURA, CAROLINA MONTOYA MONTOYA, ANGELA MARIA PARRA BASTIDAS, JAIME EDUARDO ORDONEZ MOLINA",1
00185,011,Libros publicados,,Libro resultado de investigación,La Ludopatía: Una Dependencia No Química De Cuidado,Colombia,2010,GUSTAVO ADOLFO CALDERON VALLEJO,1
00186,011,Libros publicados,,Libro resultado de investigación,La Ludopatía: Una Dependencia No Química De Cuidado,Colombia,2010,"GUILLERMO ALONSO CASTANO PEREZ, GUSTAVO ADOLFO CALDERON VALLEJO, ADELAIDA STORTI",1
00187,011,Libros publicados,,Libro resultado de investigación,La Seducción Publicitaria Para El Consumo De Licor En Medellín,Colombia,2007,"GUSTAVO CALDERON VALLEJO, VICTOR VILLA MEJIA, GUILLERMO ALONSO CASTANO PEREZ",1
00188,011,Libros publicados,,Libro resultado de investigación,Desplazados Por La Violencia En Colombia. La Visibilizacion De Los Mas Vulnerables. Sistematización Y Evaluación De Una Experiencia De Intervención Con Familias Desplazadas Por La Violencia En La Ciudad De Medellín.,Colombia,2007,GUILLERMO ALONSO CASTANO PEREZ,1
00189,011,Libros publicados,,Libro resultado de investigación,La Seducción Publicitaria Para El Consumo De Licor En Medellín,Colombia,2007,"GUSTAVO ADOLFO CALDERON VALLEJO, VICTOR VILLA MEJIA, GUILLERMO ALONSO CASTANO PEREZ",1
00190,011,Libros publicados,,Libro resultado de investigación,Investigacion Sobre Prevencion De Las Drogodependencias En Colombia Estado Del Arte,Colombia,2006,"GUILLERMO ALONSO CASTANO PEREZ, GUSTAVO ADOLFO CALDERON VALLEJO, ANGELA MARIA PARRA BASTIDAS",1
00191,011,Libros publicados,,Libro resultado de investigación,Investigacion Sobre Prevencion De Las Drogodependencias En Colombia Estado Del Arte,Colombia,2006,"GUSTAVO ADOLFO CALDERON VALLEJO, GUILLERMO ALONSO CASTANO PEREZ, ANGELA MARIA PARRA",1
00192,011,Libros publicados,,Libro resultado de investigación,Socialización Familiar De Las Prácticas Y Valores De Convivencia En Medellín Desde Los Años Ochenta,Colombia,2001,GUSTAVO ADOLFO CALDERON VALLEJO,1
00193,011,Libros publicados,,Libro resultado de investigación,Socialización Familiar de Practicas y Valores de Convivencia en Medellí desde los años 80´s,Colombia,2001,"GUSTAVO ADOLFO CALDERON VALLEJO, CLAUDIA VELEZ DE LA CALLE",1
00194,011,Libros publicados,,Libro resultado de investigación,Problemas tecnológicos en las Unidades de Producción en Medellín y el área Metropolitana,Colombia,2001,"GUSTAVO ADOLFO CALDERON VALLEJO, MIRIAM MEJIA GARCES, CARLOS ROMAN MALDONADO",1
00195,011,Libros publicados,,Libro resultado de investigación,La organización interna de la familia en Medellín y su Area Metropolitana 1997,Colombia,2000,"GUSTAVO ADOLFO CALDERON VALLEJO, PATRICIA ELENA RAMIREZ ARBOLEDA",1
00196,012,Libros publicados,,Libro resultado de investigación,Construcción de paz y conflicto armado: Reflexiones desde el derecho y la publicidad,Colombia,2026,"CARLOS MARIO BERRIO MENESES, JORGE ANDRES RICO ZAPATA, JIMENA ISAZA ALVAREZ, DANIELA MONTOYA GARCIA, MARIA FERNANDA ARIAS RAMIREZ, PAOLA ANDREA CARMONA TORO, RICHARD STIVENS MOLINA GOMEZ, ANA MARIA ROLDAN VILLA, ELVIGIA CARDONA ZULETA",1
00197,012,Libros publicados,,Libro resultado de investigación,Estrategias de intervención y posvención del comportamiento suicida,Colombia,2022,MARCOS VEGA SENA,1
00198,012,Libros publicados,,Libro resultado de investigación,Estrategias de intervención y posvención del comportamiento suicida,Colombia,2022,JHOEEN SNEYDER ROJAS DIAZ,1
00199,012,Libros publicados,,Libro resultado de investigación,"Consumo, estilos de vida y clases medias en Medellín",Colombia,2021,JIMENA ISAZA ALVAREZ,1
00200,012,Libros publicados,,Libro resultado de investigación,El suicidio. Una mirada integral e integradora,Colombia,2020,"MARCOS VEGA SENA, ELIZA KRATC GIL, MARIA VICTORIA RESTREPO TOBON, DAVID IGNACIO MOLINA VELASQUEZ, OMAR AUGUSTO AMADOR SANCHEZ, ANA LUCIA CEBALLOS DUQUE, GLORIA CECILIA CARDONA RIOS, DIEGO LEON CARVAJAL SERNA, SANDRA ISABEL MEJIA ZAPATA, JOHN JAIRO GARCIA PENA, ANGEL AUGUSTO VIZCAYA CASTILLO",1
00201,012,Libros publicados,,Libro resultado de investigación,El suicidio. Una mirada integral e integradora,Colombia,2020,"JHOEEN SNEYDER ROJAS DIAZ, MARCOS VEGA SENA, MARIA VICTORIA RESTREPO TOBON, DAVID IGNACIO MOLINA VELASQUEZ, OMAR AUGUSTO AMADOR SANCHEZ, SANDRA ISABEL MEJIA ZAPATA, JOHN JAIRO GARCIA PENA, GLORIA CECILIA CARDONA RIOS, ELIZA KRATC GIL, DIEGO LEON CARVAJAL SERNA, ANGEL AUGUSTO VIZCAYA CASTILLO",1
00202,012,Libros publicados,,Libro resultado de investigación,Hacia el reto de marcas sostenibles,Colombia,2019,"JUAN DIEGO LOPEZ MEDINA, RAFAEL MAURICIO PARIS RESTREPO",1
00203,012,Libros publicados,,Libro resultado de investigación,El secuestro. Un retorno al tiempo primitivo,Colombia,2019,"FERNANDO AQUILES DE LA SANTISI ARANGO NAVARRO, DELIO DAVID ARANGO NAVARRO",1
00204,012,Libros publicados,,Libro resultado de investigación,POPaganda. El fracaso institucional y el triunfo de nadie,Colombia,2019,JUAN DIEGO LOPEZ MEDINA,1
00205,012,Libros publicados,,Libro resultado de investigación,"""Campañas De Prevención De Violencia De Género En Colombia Y España: Un Análisis desde la Psicología Social y la Publicidad Social""",Colombia,2018,"FLORENTINO MORENO MARTIN, JAIME ALBERTO CARMONA PARRA, DIEGO ENRIQUE OCAMPO LOAIZA, ANCIZAR VARGAS LEON, SARA VICTORIA ALVARADO SALGADO",1
00206,012,Libros publicados,,Libro resultado de investigación,"Ciudad Botero. Espacios, oficios y representaciones. Descripción bibliográfica.",Colombia,2016,"FERNANDO AQUILES DE LA SANTISI ARANGO NAVARRO, KATHYA JEMIO ARNEZ, JULIANA LOPEZ LOPEZ",1
00207,012,Libros publicados,,Libro resultado de investigación,Transmedia literacy e intertextualidad,Colombia,2016,"CARLOS SUAREZ QUICENO, EDWIN ANDRES SEPULVEDA CARDONA",1
00208,012,Libros publicados,,Libro resultado de investigación,Manual de gestión de marca para PYMES,Colombia,2015,"RAFAEL VARGAS CANO, LUIS RODRIGO VIANA RUIZ, CARLOS ARANGO LOPERA, LUISA FERNANDA MONTALVO ARROYAVE, RAFAEL MAURICIO PARIS RESTREPO",1
00209,012,Libros publicados,,Libro resultado de investigación,De la caverna al umbral,Colombia,2015,"RAFAEL MAURICIO PARIS RESTREPO, GLORIA MARIA LOPEZ ARBOLEDA",1
00210,012,Libros publicados,,Libro resultado de investigación,Gestión de marca para PYMES,Colombia,2015,"RAFAEL VARGAS CANO, LUIS RODRIGO VIANA RUIZ, RAFAEL MAURICIO PARIS RESTREPO, LUISA FERNANDA MONTALVO ARROYAVE, CARLOS ARANGO LOPERA",1
00211,012,Libros publicados,,Libro resultado de investigación,eBooks interactivos. Diseño y producción,Colombia,2015,"EDWIN ANDRES SEPULVEDA CARDONA, CARLOS SUAREZ QUICENO",1
00212,012,Libros publicados,,Libro resultado de investigación,eBooks interactivos - Versión interactiva,Colombia,2015,"CARLOS SUAREZ QUICENO, EDWIN ANDRES SEPULVEDA CARDONA",1
00213,012,Libros publicados,,Libro resultado de investigación,eBooks interactivos - Versión interactiva,Colombia,2015,"EDWIN ANDRES SEPULVEDA CARDONA, CARLOS SUAREZ QUICENO",1
00214,012,Libros publicados,,Libro resultado de investigación,eBooks interactivos: diseño y producción,Colombia,2015,"CARLOS SUAREZ QUICENO, EDWIN ANDRES SEPULVEDA CARDONA",1
00215,012,Libros publicados,,Libro resultado de investigación,Televisión enlatada. Características ideológicas de los seriados de televisión estadounidense emitidos en Colombia entre 1955 y 1990,Colombia,2014,"FERNANDO AQUILES DE LA SANTISI ARANGO NAVARRO, MARIA CRISTINA LOAIZA PINEDA, ANCIZAR VARGAS LEON",1
00216,012,Libros publicados,,Libro resultado de investigación,Personitas De Colores. Narrativas Icónicas Sobre Valores Y Derechos Fundamentales De Niños Y Niñas Antioqueños Entre Los 5 Y Los 14 Años,Colombia,2012,"NELIDA MARIA MONTOYA RAMIREZ, LIGIA INES ZULUAGA ARIA",1
00217,012,Libros publicados,,Libro resultado de investigación,"Medellín, ciudad fragmentada. Modernidad, comunicación y cultura en la contemporaneidad",Colombia,2008,PAOLO ANTONIO VILLALBA STORTI,1
00218,013,Libros publicados,,Libro resultado de investigación,"Hombres ciegos, ídolos huecos: Fetichismo y alteridad en la crítica de la idolatría del Apocalipsis de Abrahán (Medellín: Fondo Editorial Universidad Católica Luis Amigó, 2023)",Colombia,2023,JUAN SEBASTIAN HERNANDEZ VALENCIA,1
00219,013,Libros publicados,,Libro resultado de investigación,"Propuestas teológicas contemporáneas. Reflexiones bíblicas, eclesiales y contextuales",Colombia,2023,"MANUEL DAVID GOMEZ ERAZO, JONNY ALEXANDER GARCIA ECHEVERRI",1
00220,013,Libros publicados,,Libro resultado de investigación,El cuerpo en la dimensión trágica de la ética psicoanalítica: filosofía y psicoanálisis,Colombia,2022,JORGE IVAN JARAMILLO ZAPATA,1
00221,013,Libros publicados,,Libro resultado de investigación,"La crucifixión en la literatura latinoamericana contemporánea: Hugo Mujica, Raúl Zurita und Pablo Montoya.",Alemania,2021,JUAN ESTEBAN LONDONO BETANCUR,1
00222,013,Libros publicados,,Libro resultado de investigación,"Kreuzesdeutungen in der gegenwärtigen Literatur Lateinamerikas: Hugo Mujica, Raúl Zurita und Pablo Montoya.",Alemania,2021,JUAN ESTEBAN LONDONO BETANCUR,1
00223,013,Libros publicados,,Libro resultado de investigación,Wittgenstein hipertextual,Colombia,2019,DAVID ESTEBAN ZULUAGA MESA,1
00224,013,Libros publicados,,Libro resultado de investigación,Pasividad mística: una perspectiva epistemológica,Colombia,2016,LINA MARCELA DE LA MILAGROSA CADAVID RAMIREZ,1
00225,013,Libros publicados,,Libro resultado de investigación,Teología del deporte,Colombia,2015,JONATHAN ANDRES RUA PENAGOS,1
00226,013,Libros publicados,,Libro resultado de investigación,La Consumación de la Verdad en la Solidaridad: el Neopragmatismo de Richard Rorty,Colombia,2014,JESUS DAVID GIRADO SIERRA,1
00227,013,Libros publicados,,Libro resultado de investigación,"Estudios sobre historia y filosofía de la ciencia: Kuhn, Feyerabend, Lakatos, Fleck y Koyré",Colombia,2014,LINA MARCELA DE LA MILAGROSA CADAVID RAMIREZ,1
00228,013,Libros publicados,,Libro resultado de investigación,Ludwig Wittgenstein: De La Esencia A La Contingencia,Colombia,2013,DAVID ESTEBAN ZULUAGA MESA,1
00229,013,Libros publicados,,Libro resultado de investigación,Organización Y Conocimiento,Colombia,2011,"DAVID ESTEBAN ZULUAGA MESA, CARLOS ANDRES ARISTIZABAL BOTERO, CARLOS MARIO DURANGO YEPES, EDWIN ANDRES SEPULVEDA CARDONA, ELKIN HORACIO QUIROS LIZARAZO, JOSE ENRIQUE ARIAS PEREZ, JUAN ANDRES CARDENAS DORIA, MARIO LEON RESTREPO MUNERA",1
00230,013,Libros publicados,,Libro resultado de investigación,Caracterización De Estrategias Investigativas Caso Aplicado A Grupos De Investigación De La Upb Y La Unalmed,Colombia,2008,"BAYRON LEON OSORIO HERRERA, LUIS HERNANDO ALZATE RAMIREZ",1
00231,014,Libros publicados,,Libro resultado de investigación,Contabilidad ambiental para la sustentabilidad. Lineamientos microcurriculares.,,2026,CANDY LORENA CHAMORRO GONZALEZ,1
00232,014,Libros publicados,,Libro resultado de investigación,METOGOLOGÍA DE LA INVESTIGACIÓN UNA MIRADA GLOBAL EJEMPLOS PRÁCTICOS,Perú,2024,SOL BEATRIZ VELEZ ESCOBAR,1
00233,014,Libros publicados,,Libro resultado de investigación,"Utilidad de la Aplicación de la Gerencia del Valor en las Empresas Sociales del Estado (E.S.E.) del Área Metropolitana de Medellín: Caso Hospital Venancio Díaz Díaz y Hospital Marco Fidel Suárez""",Colombia,2017,"FARLEY SARY ROJAS RESTREPO, JORGE IVAN JIMENEZ SANCHEZ",1
00234,014,Libros publicados,,Libro resultado de investigación,Elementos De Planificación Contable,Colombia,2011,"ELKIN HORACIO QUIROS LIZARAZO, HERNAN CARLOS BUSTAMANTE GARCIA",1
00235,014,Libros publicados,,Libro resultado de investigación,Proceso de consolidación de Capital Social en la ciudad de Medellín en el marco de los enfoques de desarrollo humano y responsabilidad social,Colombia,2009,"ELKIN HORACIO QUIROS LIZARAZO, OLGA LUCIA ARBOLEDA ALVAREZ, ALFREDO MANUEL GHISO COTOS, EDISON FRANCISCO VIVEROS CHAVARRIA",1
00236,014,Libros publicados,,Libro resultado de investigación,"Responsabilidad Social, Organizaciones Y Contabilidad",Colombia,2007,"ELKIN HORACIO QUIROS LIZARAZO, HERNAN CARLOS BUSTAMANTE GARCIA",1
